Date,VTI,VXUS,BND,VWO,BTC,ETH
12/31/2017,137.25,56.81,81.57,45.91,13624.57,
1/1/2018,137.25,56.81,81.57,45.91,13624.57,
1/2/2018,138.22,57.38,81.34,46.7,14784.6,
1/3/2018,139.02,57.78,81.41,47.15,15055.23,
1/4/2018,139.55,58.26,81.37,47.44,14946.35,
1/5/2018,140.37,58.65,81.26,47.86,16753.24,
1/6/2018,140.37,58.65,81.26,47.86,16753.24,
1/7/2018,140.37,58.65,81.26,47.86,16200,
1/8/2018,140.69,58.62,81.27,47.87,14935.7,
1/9/2018,140.95,58.67,81.03,47.86,14554.08,
1/10/2018,140.73,58.47,81.04,47.65,14494.74,
1/11/2018,141.92,58.84,81.04,47.96,13462.98,
1/12/2018,142.75,59.41,81.03,48.47,13746.58,
1/13/2018,142.75,59.41,81.03,48.47,13746.58,
1/14/2018,142.75,59.41,81.03,48.47,13383.28,
1/15/2018,142.75,59.41,81.03,48.47,13916.82,
1/16/2018,142.12,59.35,81.09,48.23,10720,
1/17/2018,143.43,59.76,81,48.91,11376.69,
1/18/2018,143.18,59.69,80.84,48.99,11605.5,
1/19/2018,143.92,59.96,80.67,49.45,11366.61,
1/20/2018,143.92,59.96,80.67,49.45,11366.61,
1/21/2018,143.92,59.96,80.67,49.45,11366.62,
1/22/2018,145.06,60.29,80.61,49.85,10354,
1/23/2018,145.42,60.53,80.82,50.03,10981.05,
1/24/2018,145.28,60.79,80.73,50.49,11213.37,
1/25/2018,145.34,60.57,80.95,50.31,11256.52,
1/26/2018,146.86,61.17,80.8,50.98,10874.79,
1/27/2018,146.86,61.17,80.8,50.98,10874.79,
1/28/2018,146.86,61.17,80.8,50.98,11755.16,
1/29/2018,145.9,60.54,80.69,50.18,11207,
1/30/2018,144.38,59.97,80.54,49.54,10086.8,
1/31/2018,144.43,60.06,80.56,49.84,9962.31,
2/1/2018,144.37,60.01,80.16,49.37,9094.2,
2/2/2018,141.3,58.7,79.92,48.26,8570,
2/3/2018,141.3,58.7,79.92,48.26,8570,
2/4/2018,141.3,58.7,79.92,48.26,8077.39,
2/5/2018,135.74,56.34,80.27,46.71,7100.87,
2/6/2018,137.96,57.7,80.01,47.87,7764.6,
2/7/2018,137.35,56.66,79.83,46.51,8087.51,
2/8/2018,132.41,55.1,79.77,44.96,8171.19,802.735
2/9/2018,134.23,55.62,79.57,45.64,8552.65,862.248
2/10/2018,134.23,55.62,79.57,45.64,8552.65,862.248
2/11/2018,134.23,55.62,79.57,45.64,8315.1,833.127
2/12/2018,136.02,56.4,79.59,46.27,8831.25,868.978
2/13/2018,136.45,56.4,79.66,46.63,8557.91,839.233
2/14/2018,138.36,57.41,79.4,47.59,9287.96,904.71
2/15/2018,140.05,57.92,79.48,48.48,9873.45,917.993
2/16/2018,140.11,58,79.65,48.3,10088.2,936.643
2/17/2018,140.11,58,79.65,48.3,10088.2,936.643
2/18/2018,140.11,58,79.65,48.3,10784.81,930.048
2/19/2018,140.11,58,79.65,48.3,11081.41,935.933
2/20/2018,139.27,57.37,79.57,47.87,11705.73,914.718
2/21/2018,138.62,57.23,79.27,47.81,10286.84,824.37
2/22/2018,138.71,57.49,79.37,47.87,9915.69,807.343
2/23/2018,140.86,58.12,79.58,48.65,9920.01,831.158
2/24/2018,140.86,58.12,79.58,48.65,9920.01,831.158
2/25/2018,140.86,58.12,79.58,48.65,9596.64,840.22
2/26/2018,142.34,58.56,79.62,49.11,10380.3,866.373
2/27/2018,140.55,57.56,79.45,47.79,10755.9,880.763
2/28/2018,139,56.91,79.55,47.17,10538.02,865.213
3/1/2018,137.35,56.32,79.52,47.16,10933.75,871.145
3/2/2018,138.24,56.48,79.37,47.28,11029.95,856.848
3/3/2018,138.24,56.48,79.37,47.28,11029.95,856.848
3/4/2018,138.24,56.48,79.37,47.28,11400.19,863.248
3/5/2018,139.8,56.71,79.32,47.42,11555.99,854.703
3/6/2018,140.31,57.14,79.35,47.56,10790.35,816.68
3/7/2018,140.43,57.08,79.33,47.55,9939.53,749.58
3/8/2018,140.96,57.2,79.42,47.58,9330.23,701.123
3/9/2018,143.3,57.74,79.32,48.43,9004.84,698.115
3/10/2018,143.3,57.74,79.32,48.43,9004.84,698.115
3/11/2018,143.3,57.74,79.32,48.43,9613.95,723.955
3/12/2018,143.22,57.84,79.4,48.6,9017.65,691.693
3/13/2018,142.33,57.43,79.42,48.13,9062.92,680.353
3/14/2018,141.61,57.58,79.59,48.19,8304.32,614.965
3/15/2018,141.42,57.5,79.6,48,8251.71,604.575
3/16/2018,141.66,57.39,79.53,47.85,8524.17,613.788
3/17/2018,141.66,57.39,79.53,47.85,8524.17,613.788
3/18/2018,141.66,57.39,79.53,47.85,7655.03,506.32
3/19/2018,139.84,56.89,79.47,47.4,8427.2,541.355
3/20/2018,140.05,57.07,79.37,47.81,8920.33,558.723
3/21/2018,139.93,57.23,79.37,48.07,8895.59,559.755
3/22/2018,135.95,55.99,79.5,46.55,8598.85,527.775
3/23/2018,133.1,55.35,79.52,45.87,8616.25,524.353
3/24/2018,133.1,55.35,79.52,45.87,8616.25,524.353
3/25/2018,133.1,55.35,79.52,45.87,8605.14,526.525
3/26/2018,136.61,56.34,79.47,47.16,7888.84,474.265
3/27/2018,134.19,55.73,79.74,46.46,7990.87,458.812
3/28/2018,133.88,55.92,79.73,46.14,7906.96,446.268
3/29/2018,135.72,56.55,79.93,46.98,7098.14,385.78
3/30/2018,135.72,56.55,79.93,46.98,6852.51,385.035
3/31/2018,135.72,56.55,79.93,46.98,6852.51,385.035
4/1/2018,135.72,56.55,79.93,46.98,6890.64,381.625
4/2/2018,132.63,55.67,79.72,46.29,6937.38,377.895
4/3/2018,134.28,56.19,79.63,46.74,7401.4,414.233
4/4/2018,135.79,56.28,79.63,46.89,6830.76,381.382
4/5/2018,136.74,56.65,79.52,46.99,6749.55,377.495
4/6/2018,133.87,56.06,79.72,46.16,6604.48,369.04
4/7/2018,133.87,56.06,79.72,46.16,6604.48,369.04
4/8/2018,133.87,56.06,79.72,46.16,6955.33,397.285
4/9/2018,134.32,56.48,79.8,46.12,6662.14,390.105
4/10/2018,136.5,57.15,79.66,46.98,6839.62,411.143
4/11/2018,135.87,56.98,79.72,47.04,6891.03,420.37
4/12/2018,136.97,57.14,79.57,47.03,7730.47,467.227
4/13/2018,136.58,57.05,79.63,46.54,7903.91,493.88
4/14/2018,136.58,57.05,79.63,46.54,7903.91,493.88
4/15/2018,136.58,57.05,79.63,46.54,8287.52,524.66
4/16/2018,137.72,57.16,79.64,46.58,7986.06,502.323
4/17/2018,139.17,57.41,79.67,46.62,7914.7,503.36
4/18/2018,139.36,57.74,79.41,46.95,8187.53,522.613
4/19/2018,138.6,57.49,79.22,46.69,8233.85,554.16
4/20/2018,137.5,57.13,79.02,46.14,8524.52,592.853
4/21/2018,137.5,57.13,79.02,46.14,8524.52,592.853
4/22/2018,137.5,57.13,79.02,46.14,8893.04,639.998
4/23/2018,137.45,56.96,78.98,45.83,8932.25,639.468
4/24/2018,135.8,56.72,78.84,45.62,9449.88,706.067
4/25/2018,135.95,56.54,78.73,45.28,9073.19,636.36
4/26/2018,137.24,56.95,78.89,45.75,9118.96,647.95
4/27/2018,137.33,57.09,79.01,45.99,8977.07,648.905
4/28/2018,137.33,57.09,79.01,45.99,8977.07,648.905
4/29/2018,137.33,57.09,79.01,45.99,9295.78,679.445
4/30/2018,136.33,56.81,79.05,45.68,9272.7,671.695
5/1/2018,136.54,56.68,78.75,45.42,9015.73,663.98
5/2/2018,135.75,56.53,78.76,45.12,9175.76,681.52
5/3/2018,135.38,56.65,78.83,44.98,9652.04,754.415
5/4/2018,137.13,56.82,78.88,45.2,9683.54,785.055
5/5/2018,137.13,56.82,78.88,45.2,9683.54,785.055
5/6/2018,137.13,56.82,78.88,45.2,9514.36,775.045
5/7/2018,137.73,56.73,78.84,45.08,9437.62,760.215
5/8/2018,137.78,56.88,78.78,45.31,9160.97,739.5
5/9/2018,139.08,56.94,78.69,45.37,9248.19,743.985
5/10/2018,140.29,57.53,78.85,46.27,9092.67,737.19
5/11/2018,140.57,57.6,78.93,46.11,8432.01,673.65
5/12/2018,140.57,57.6,78.93,46.11,8432.01,673.65
5/13/2018,140.57,57.6,78.93,46.11,8714.52,736.335
5/14/2018,140.64,57.66,78.83,46.25,8811.66,736.46
5/15/2018,139.79,57.12,78.46,45.37,8518.76,712.225
5/16/2018,140.47,57.4,78.4,46.01,8291.23,694.83
5/17/2018,140.51,57.27,78.33,45.37,8204.05,686.725
5/18/2018,140.2,57.02,78.54,44.95,8229.58,687.29
5/19/2018,140.2,57.02,78.54,44.95,8229.58,687.29
5/20/2018,140.2,57.02,78.54,44.95,8554.55,719.21
5/21/2018,141.25,57.4,78.54,45.24,8406.89,697.815
5/22/2018,140.73,57.38,78.56,45.42,8108.52,654.325
5/23/2018,141.1,56.89,78.8,45.22,7590,586.5
5/24/2018,140.87,56.69,78.96,45.06,7552.45,590.745
5/25/2018,140.6,56.48,79.13,45.17,7448.08,583.19
5/26/2018,140.6,56.48,79.13,45.17,7448.08,583.19
5/27/2018,140.6,56.48,79.13,45.17,7314.74,560.375
5/28/2018,140.6,56.48,79.13,45.17,7214.8,524.185
5/29/2018,139.21,55.37,79.68,44.17,7501.54,568.82
5/30/2018,141.01,56.09,79.44,44.56,7337.26,548.56
5/31/2018,140.04,55.88,79.41,44.61,7538.28,580.225
6/1/2018,141.5,56.39,79.09,45.11,7437.74,565.715
6/2/2018,141.5,56.39,79.09,45.11,7437.74,565.715
6/3/2018,141.5,56.39,79.09,45.11,7724.98,620.82
6/4/2018,142.16,56.6,78.92,45.58,7525.77,596.885
6/5/2018,142.37,56.48,78.99,45.18,7629.53,608.015
6/6/2018,143.63,57.06,78.77,45.83,7619.32,604.405
6/7/2018,143.42,56.61,78.97,45.13,7660.06,602.215
6/8/2018,143.91,56.69,78.87,45.1,7646.28,598.725
6/9/2018,143.91,56.69,78.87,45.1,7646.28,598.725
6/10/2018,143.91,56.69,78.87,45.1,6710.06,523.46
6/11/2018,144.12,56.94,78.8,45.04,6760.89,515.67
6/12/2018,144.42,56.7,78.79,45.01,6531.39,490.705
6/13/2018,143.88,56.66,78.74,44.68,6260.96,470.135
6/14/2018,144.29,56.45,78.91,44.44,6658.78,519.22
6/15/2018,144.15,56.07,78.92,44.2,6497.97,494.42
6/16/2018,144.15,56.07,78.92,44.2,6497.97,494.42
6/17/2018,144.15,56.07,78.92,44.2,6491,498.84
6/18/2018,143.99,55.63,78.92,43.69,6727.55,518.965
6/19/2018,143.51,55.05,79.05,43.19,6695.44,531.38
6/20/2018,143.84,55.21,78.87,43.33,6748.89,532.66
6/21/2018,142.85,54.7,78.91,42.72,6719.47,525.91
6/22/2018,142.45,54.68,78.96,42.79,6070.19,462.915
6/23/2018,142.45,54.68,78.96,42.79,6070.19,462.915
6/24/2018,142.45,54.68,78.96,42.79,6189.28,458.465
6/25/2018,140.45,53.93,78.95,42.23,6250.81,458.68
6/26/2018,140.77,54,79.08,42.06,6181.64,440.91
6/27/2018,139.46,53.33,79.27,41.13,6124.96,434.54
6/28/2018,140.33,53.6,79.21,41.52,6044.92,433.48
6/29/2018,140.43,54.1,79.19,42.2,5899.64,413.17
6/30/2018,140.43,54.1,79.19,42.2,5899.64,413.17
7/1/2018,140.43,54.1,79.19,42.2,6348.59,451.865
7/2/2018,140.77,53.53,78.96,41.74,6620.01,474.86
7/3/2018,140.41,53.65,79.12,41.78,6613.86,469.985
7/4/2018,140.41,53.65,79.12,41.78,6686.23,474.475
7/5/2018,141.6,54,79.23,41.74,6507.68,463.22
7/6/2018,142.79,54.29,79.32,42.25,6570.76,468.425
7/7/2018,142.79,54.29,79.32,42.25,6570.76,468.425
7/8/2018,142.79,54.29,79.32,42.25,6743,486.36
7/9/2018,144.09,54.87,79.25,43.02,6695.86,475.14
7/10/2018,144.46,54.87,79.2,42.98,6387.83,440.677
7/11/2018,143.43,53.97,79.24,42.18,6354.19,437.685
7/12/2018,144.61,54.43,79.3,42.77,6172.95,427.69
7/13/2018,144.7,54.6,79.37,42.8,6185.23,430.573
7/14/2018,144.7,54.6,79.37,42.8,6185.23,430.573
7/15/2018,144.7,54.6,79.37,42.8,6372.23,452.727
7/16/2018,144.47,54.49,79.26,42.56,6661.85,475.87
7/17/2018,145.13,54.67,79.23,42.89,7314,499.872
7/18/2018,145.45,54.66,79.19,42.85,7336.6,473.515
7/19/2018,145.1,54.38,79.34,42.36,7418.83,467.043
7/20/2018,144.84,54.8,79.16,42.91,7351.07,444.25
7/21/2018,144.84,54.8,79.16,42.91,7351.07,444.25
7/22/2018,144.84,54.8,79.16,42.91,7523.48,463.627
7/23/2018,145.07,54.62,78.91,42.78,7702.88,447.847
7/24/2018,145.39,55.03,79.03,43.42,8227.05,472.025
7/25/2018,146.63,55.6,79.03,44.11,8176.35,475.077
7/26/2018,146.39,55.31,78.97,43.68,8138.47,471.937
7/27/2018,145.22,55.39,79.01,43.74,8225.12,466.685
7/28/2018,145.22,55.39,79.01,43.74,8225.12,466.685
7/29/2018,145.22,55.39,79.01,43.74,8193.47,465.492
7/30/2018,144.27,55.42,78.92,43.68,8146.16,453.548
7/31/2018,145.09,55.48,78.98,43.88,7689.43,432.17
8/1/2018,144.92,55.23,78.75,43.55,7482.23,409.563
8/2/2018,145.78,54.81,78.79,43.05,7546.53,409.71
8/3/2018,146.27,54.94,78.96,43.32,7388.58,415.495
8/4/2018,146.27,54.94,78.96,43.32,7388.58,415.495
8/5/2018,146.27,54.94,78.96,43.32,7049.57,410.755
8/6/2018,146.93,54.7,79.03,42.99,6919.84,403.382
8/7/2018,147.41,55.01,78.89,43.38,6877.76,384.663
8/8/2018,147.27,55.02,78.87,43.28,6316.9,357.88
8/9/2018,147.17,54.87,79.02,43.22,6507.67,363.47
8/10/2018,146.25,53.83,79.18,42.36,6191.24,342.945
8/11/2018,146.25,53.83,79.18,42.36,6191.24,342.945
8/12/2018,146.25,53.83,79.18,42.36,6339.47,320.12
8/13/2018,145.69,53.42,79.19,41.68,6277.69,288.542
8/14/2018,146.65,53.52,79.14,41.93,6074.26,259.077
8/15/2018,145.49,52.65,79.23,40.7,6374.87,287.72
8/16/2018,146.63,52.96,79.27,40.99,6255.1,283.38
8/17/2018,147.17,53.31,79.36,41.34,6480.85,300.505
8/18/2018,147.17,53.31,79.36,41.34,6480.85,300.505
8/19/2018,147.17,53.31,79.36,41.34,6536.55,302.605
8/20/2018,147.45,53.55,79.46,41.52,6455.22,286.165
8/21/2018,148,53.94,79.42,41.97,6451.86,277.277
8/22/2018,148.05,54.22,79.47,42.22,6331.13,267.79
8/23/2018,147.76,53.71,79.47,41.56,6418.67,273.4
8/24/2018,148.68,54.21,79.51,42.18,6611.44,279.985
8/25/2018,148.68,54.21,79.51,42.18,6611.44,279.985
8/26/2018,148.68,54.21,79.51,42.18,6678.58,272.452
8/27/2018,149.75,54.92,79.41,42.87,6719.04,276.765
8/28/2018,149.84,54.82,79.29,42.66,7083.46,294.04
8/29/2018,150.63,55.07,79.24,42.9,7042.05,289.897
8/30/2018,150.01,54.38,79.3,41.76,6916.68,284.633
8/31/2018,150.07,54.15,79.32,42.04,7044.6,283.24
9/1/2018,150.07,54.15,79.32,42.04,7044.6,283.24
9/2/2018,150.07,54.15,79.32,42.04,7280.88,293.707
9/3/2018,150.07,54.15,79.32,42.04,7298.59,290.557
9/4/2018,149.86,53.5,79.01,41.1,7361.57,285.297
9/5/2018,149.37,53.01,79.03,40.66,6949.01,245.553
9/6/2018,148.92,52.9,79.15,40.64,6440.22,224.698
9/7/2018,148.58,52.52,78.9,40.46,6446.93,218.425
9/8/2018,148.58,52.52,78.9,40.46,6446.93,218.425
9/9/2018,148.58,52.52,78.9,40.46,6386.93,201.513
9/10/2018,148.9,52.58,78.95,39.98,6301.63,196.53
9/11/2018,149.4,52.66,78.78,40.03,6253.25,181.848
9/12/2018,149.41,52.86,78.84,40.28,6305.47,181.978
9/13/2018,150.16,53.33,78.89,40.79,6467.47,205.69
9/14/2018,150.28,53.32,78.76,40.74,6535.01,218.563
9/15/2018,150.28,53.32,78.76,40.74,6535.01,218.563
9/16/2018,150.28,53.32,78.76,40.74,6500.09,221.743
9/17/2018,149.33,53.28,78.75,40.42,6216.01,194.845
9/18/2018,150.13,53.82,78.57,40.74,6317.7,207.78
9/19/2018,150.15,54.13,78.45,41.29,6423.81,210.898
9/20/2018,151.31,54.69,78.55,41.63,6377.21,208.648
9/21/2018,151.16,54.72,78.6,41.8,6708.69,242.49
9/22/2018,151.16,54.72,78.6,41.8,6708.69,242.49
9/23/2018,151.16,54.72,78.6,41.8,6676.59,241.708
9/24/2018,150.61,54.38,78.5,41.28,6626.29,234.455
9/25/2018,150.53,54.69,78.44,41.54,6386.6,213.983
9/26/2018,149.95,54.45,78.64,41.14,6497.72,219.308
9/27/2018,150.3,54.39,78.7,41.26,6694.08,228.178
9/28/2018,149.65,54,78.7,41,6643.42,220.528
9/29/2018,149.65,54,78.7,41,6643.42,220.528
9/30/2018,149.65,54,78.7,41,6561.3,228.528
10/1/2018,149.88,54.09,78.37,41.1,6550.06,229.243
10/2/2018,149.66,53.76,78.51,40.66,6524.3,225.653
10/3/2018,149.86,53.56,78.11,40.32,6438.41,217.113
10/4/2018,148.59,52.82,77.91,39.4,6546.01,222.095
10/5/2018,147.63,52.54,77.77,39.22,6539.04,222.193
10/6/2018,147.63,52.54,77.77,39.22,6539.04,222.193
10/7/2018,147.63,52.54,77.77,39.22,6532.65,223.193
10/8/2018,147.52,52.34,77.74,39.29,6623.01,229.395
10/9/2018,147.26,52.16,77.89,39.19,6579.83,226.668
10/10/2018,142.57,50.9,77.83,38.1,6534.38,225.013
10/11/2018,139.53,50.22,78.05,37.76,6204.33,199.27
10/12/2018,141.37,50.69,78.03,38.72,6214.23,196.615
10/13/2018,141.37,50.69,78.03,38.72,6214.23,196.615
10/14/2018,141.37,50.69,78.03,38.72,6217.26,197.323
10/15/2018,140.74,50.48,78.01,38.34,6390.7,204.718
10/16/2018,143.84,51.45,78.07,39.22,6460.39,207.173
10/17/2018,143.8,51.02,77.93,38.75,6437.85,206.163
10/18/2018,141.72,50.17,77.88,37.74,6392.22,202.128
10/19/2018,141.35,50.46,77.84,38.09,6384.37,204.458
10/20/2018,141.35,50.46,77.84,38.09,6384.37,204.458
10/21/2018,141.35,50.46,77.84,38.09,6438.3,207.695
10/22/2018,140.79,50.38,77.81,38.49,6413.52,206.385
10/23/2018,139.96,49.85,77.92,38.11,6390.78,205.598
10/24/2018,135.61,48.46,78.13,37,6425.61,204.49
10/25/2018,138.16,49.08,78.04,37.7,6400.44,199.933
10/26/2018,135.77,48.67,78.18,37.41,6401.99,200.67
10/27/2018,135.77,48.67,78.18,37.41,6401.99,200.67
10/28/2018,135.77,48.67,78.18,37.41,6395.61,201.733
10/29/2018,135.02,48.39,78.11,36.68,6243.46,193.265
10/30/2018,137.13,48.97,78,37.43,6265.27,194.668
10/31/2018,138.56,49.38,77.84,37.86,6302.4,196.44
11/1/2018,140.13,50.28,77.79,39.22,6335.36,197.243
11/2/2018,139.56,50.56,77.5,39.36,6351.1,200.048
11/3/2018,139.56,50.56,77.5,39.36,6351.1,200.048
11/4/2018,139.56,50.56,77.5,39.36,6413.12,210.435
11/5/2018,140.24,50.57,77.56,39.54,6400.96,206.825
11/6/2018,141.04,50.68,77.55,39.39,6420.95,215.938
11/7/2018,143.92,51.36,77.62,40.09,6501.65,217.058
11/8/2018,143.64,50.78,77.49,39.12,6419.5,212.53
11/9/2018,142.17,50.25,77.68,38.45,6326.2,207.753
11/10/2018,142.17,50.25,77.68,38.45,6326.2,207.753
11/11/2018,142.17,50.25,77.68,38.45,6314.2,207.768
11/12/2018,139.44,49.45,77.8,37.94,6309.96,207.913
11/13/2018,139.24,49.71,77.76,38.39,6280.74,203.598
11/14/2018,138.22,49.86,77.82,38.69,5551.06,176.115
11/15/2018,139.78,50.22,77.83,39.45,5469.65,175.235
11/16/2018,140.08,50.22,78,39.59,5451.72,170.918
11/17/2018,140.08,50.22,78,39.59,5451.72,170.918
11/18/2018,140.08,50.22,78,39.59,5543.73,174.243
11/19/2018,137.65,49.79,78,39.1,4785.55,147.268
11/20/2018,135.2,48.78,77.95,38.28,4337.68,131.29
11/21/2018,135.86,49.53,78.03,39,4450.42,132.213
11/22/2018,135.86,49.53,78.03,39,4427.83,128.755
11/23/2018,135.13,49.22,78.02,38.59,4260.57,120.065
11/24/2018,135.13,49.22,78.02,38.59,4260.57,120.065
11/25/2018,135.13,49.22,78.02,38.59,4048.03,116.208
11/26/2018,137.23,49.87,77.96,38.86,3663.84,104.383
11/27/2018,137.4,49.75,78.01,39.14,3767.37,108.45
11/28/2018,140.6,50.61,78.05,40.01,4221.02,120.6
11/29/2018,140.34,50.36,78.11,39.74,4183.59,114.908
11/30/2018,141.35,50.21,78.14,39.69,3930.38,111.488
12/1/2018,141.35,50.21,78.14,39.69,3930.38,111.488
12/2/2018,141.35,50.21,78.14,39.69,4148.09,116.383
12/3/2018,143,50.93,78.07,40.48,3870.97,108.44
12/4/2018,138.33,49.69,78.26,39.73,3898.03,108.868
12/5/2018,138.33,49.69,78.26,39.73,3723.53,101.688
12/6/2018,138.16,49.28,78.4,39.41,3596.41,95.07
12/7/2018,134.9,48.64,78.56,38.62,3388.91,92.998
12/8/2018,134.9,48.64,78.56,38.62,3388.91,92.998
12/9/2018,134.9,48.64,78.56,38.62,3526.26,93.045
12/10/2018,135.05,48.22,78.64,38.17,3400.92,89.058
12/11/2018,135.02,48.38,78.65,38.56,3373.78,87.91
12/12/2018,135.79,49.14,78.57,39.14,3440.18,89.898
12/13/2018,135.46,49.07,78.63,39.2,3254.81,84.34
12/14/2018,133.12,48.39,78.7,38.71,3156.89,81.79
12/15/2018,133.12,48.39,78.7,38.71,3156.89,81.79
12/16/2018,133.12,48.39,78.7,38.71,3203.6,83.875
12/17/2018,130.28,47.98,78.85,38.29,3493.65,93.915
12/18/2018,130.24,48.04,78.97,38.53,3535.18,93.853
12/19/2018,128.24,47.49,79.11,37.89,3668.85,98.903
12/20/2018,126.17,47.43,79,38.18,3993.58,114.195
12/21/2018,123.49,46.7,79,37.87,3848.6,108.023
12/22/2018,123.49,46.7,79,37.87,3848.6,108.023
12/23/2018,123.49,46.7,79,37.87,3848.6,108.023
12/24/2018,119.7,45.72,78.82,37.32,3848.6,142.23
12/25/2018,119.7,45.72,78.82,37.32,3848.6,130.06
12/26/2018,125.46,46.84,78.65,37.98,3848.6,128.398
12/27/2018,126.59,46.85,78.82,37.9,3585.43,115.475
12/28/2018,126.43,47.11,79.01,38.17,3892.14,134.598
12/29/2018,126.43,47.11,79.01,38.17,3892.14,134.598
12/30/2018,126.43,47.11,79.01,38.17,3821.31,138.143
12/31/2018,127.63,47.22,79.21,38.1,3674.18,130.04
1/1/2019,127.63,47.22,79.21,38.1,3720.6,137.74
1/2/2019,127.73,47.13,79.37,38.27,3884.98,154.55
1/3/2019,124.77,46.6,79.68,37.67,3794.92,147.973
1/4/2019,128.9,48.12,79.44,38.86,3833.53,154.14
1/5/2019,128.9,48.12,79.44,38.86,3833.53,154.14
1/6/2019,128.9,48.12,79.44,38.86,4031.29,155.748
1/7/2019,130.2,48.27,79.32,38.94,4005.34,150.483
1/8/2019,131.54,48.62,79.22,39.16,4000.42,148.925
1/9/2019,132.16,49.27,79.33,39.73,4003.99,149.553
1/10/2019,132.81,49.43,79.17,40.03,4003.99,126.998
1/11/2019,132.84,49.11,79.33,39.78,4003.99,125.368
1/12/2019,132.84,49.11,79.33,39.78,4003.99,125.368
1/13/2019,132.84,49.11,79.33,39.78,3516.03,115.398
1/14/2019,132,48.9,79.26,39.5,3663.59,128.015
1/15/2019,133.44,49.21,79.27,39.76,3568.48,117.9
1/16/2019,133.82,49.41,79.3,40.15,3568.48,122.385
1/17/2019,134.9,49.63,79.21,40.34,3568.48,121.62
1/18/2019,136.65,50.03,79.15,40.55,3568.48,119.5
1/19/2019,136.65,50.03,79.15,40.55,3568.48,119.5
1/20/2019,136.65,50.03,79.15,40.55,3538.45,117.65
1/21/2019,136.65,50.03,79.15,40.55,3521.04,115.11
1/22/2019,134.78,49.27,79.29,39.87,3574.52,117.565
1/23/2019,134.92,49.57,79.37,40.26,3544.51,116.333
1/24/2019,135.2,49.75,79.54,40.6,3570.93,116.46
1/25/2019,136.47,50.3,79.45,41,3558.51,115.048
1/26/2019,136.47,50.3,79.45,41,3558.51,115.048
1/27/2019,136.47,50.3,79.45,41,3541.27,112.873
1/28/2019,135.47,50.03,79.48,40.57,3541.27,103.518
1/29/2019,135.28,50.13,79.64,40.62,3401.14,104.575
1/30/2019,137.32,50.73,79.72,41.34,3432.64,107.3
1/31/2019,138.53,50.84,80.09,41.78,3417.04,105.753
2/1/2019,138.73,50.76,79.67,41.47,3448.51,106.315
2/2/2019,138.73,50.76,79.67,41.47,3448.51,106.315
2/3/2019,138.73,50.76,79.67,41.47,3395.68,105.05
2/4/2019,139.72,50.93,79.6,41.56,3417.03,106.558
2/5/2019,140.3,51.38,79.77,42.03,3422.6,106.04
2/6/2019,140.16,51.02,79.74,41.53,3366.32,103.183
2/7/2019,138.83,50.35,79.8,41.14,3358.91,103.185
2/8/2019,138.97,50.16,79.92,40.98,3594.91,117.375
2/9/2019,138.97,50.16,79.92,40.98,3594.91,117.375
2/10/2019,138.97,50.16,79.92,40.98,3605.5,117.305
2/11/2019,139.26,50.06,79.89,40.74,3591.59,119.53
2/12/2019,141,50.59,79.88,41.14,3576.31,119.72
2/13/2019,141.44,50.52,79.755,40.85,3571.42,120.483
2/14/2019,141.19,50.54,79.9,40.93,3570.02,120.445
2/15/2019,142.74,51.05,79.93,40.86,3564.79,120.428
2/16/2019,142.74,51.05,79.93,40.86,3564.79,120.428
2/17/2019,142.74,51.05,79.93,40.86,3585.56,129.168
2/18/2019,142.74,51.05,79.93,40.86,3852.25,141.255
2/19/2019,143.02,51.32,80,41.28,3887.89,143.04
2/20/2019,143.32,51.56,79.97,41.46,3912.98,144.975
2/21/2019,142.83,51.4,79.81,41.37,3897.72,143.483
2/22/2019,143.77,51.72,79.99,41.84,3941.75,146.943
2/23/2019,143.77,51.72,79.99,41.84,3941.75,146.943
2/24/2019,143.77,51.72,79.99,41.84,3787.61,138.868
2/25/2019,143.98,51.95,79.96,42.4,3805.67,135.74
2/26/2019,143.71,52.13,80.07,42.27,3790.19,134.853
2/27/2019,143.76,51.88,79.91,41.94,3749.38,130.895
2/28/2019,143.46,51.67,79.82,41.62,3802.53,135.07
3/1/2019,144.42,51.81,79.39,41.67,3828.22,136.103
3/2/2019,144.42,51.81,79.39,41.67,3828.22,136.103
3/3/2019,144.42,51.81,79.39,41.67,3788.98,130.695
3/4/2019,143.75,51.75,79.53,41.82,3699.76,125.4
3/5/2019,143.48,51.85,79.59,42.31,3833.97,135.135
3/6/2019,142.39,51.68,79.69,42.1,3845.71,136.46
3/7/2019,141.28,50.99,79.92,41.42,3871.42,137.42
3/8/2019,140.99,50.88,80.02,41.12,3868.84,135.465
3/9/2019,140.99,50.88,80.02,41.12,3868.84,135.465
3/10/2019,140.99,50.88,80.02,41.12,3896.7,134.638
3/11/2019,143.06,51.48,79.98,41.96,3847.91,131.995
3/12/2019,143.54,51.56,80.17,42.13,3865.41,132.833
3/13/2019,144.46,51.88,80.13,42.22,3852.32,131.225
3/14/2019,144.34,51.8,80.06,42,3851.57,131.28
3/15/2019,145.01,52.33,80.21,42.57,3897.41,135.873
3/16/2019,145.01,52.33,80.21,42.57,3897.41,135.873
3/17/2019,145.01,52.33,80.21,42.57,3975.48,138.958
3/18/2019,145.55,52.63,80.16,43.05,3971.19,137.273
3/19/2019,145.52,52.68,80.12,43.06,3991.47,137.608
3/20/2019,144.92,52.69,80.47,43.05,4009.47,137.715
3/21/2019,146.62,52.7,80.49,43.15,3973.24,135.115
3/22/2019,143.56,51.57,80.93,41.85,3977.74,135.818
3/23/2019,143.56,51.57,80.93,41.85,3977.74,135.818
3/24/2019,143.56,51.57,80.93,41.85,3958.02,134.853
3/25/2019,142.69,51.45,81.03,41.96,3887.56,131.86
3/26/2019,143.79,51.75,81.05,42.1,3912.6,133.153
3/27/2019,143.13,51.59,81.2,41.64,4008.98,137.653
3/28/2019,143.76,51.62,81.24,42,4010.76,137.14
3/29/2019,144.71,51.9,81.18,42.5,4072.16,140.48
3/30/2019,144.71,51.9,81.18,42.5,4072.16,140.48
3/31/2019,144.71,51.9,81.18,42.5,4092.97,140.925
4/1/2019,146.39,52.57,80.66,43.14,4126.69,140.643
4/2/2019,146.38,52.62,80.7,43.01,4802.47,159.723
4/3/2019,146.73,52.95,80.59,43.22,5296,178.34
4/4/2019,147.04,53,80.67,43.5,4847.05,155.868
4/5/2019,147.78,53.14,80.73,43.85,4999.01,163.763
4/6/2019,147.78,53.14,80.73,43.85,4999.01,163.763
4/7/2019,147.78,53.14,80.73,43.85,5142.94,173.355
4/8/2019,147.91,53.13,80.65,43.82,5252.89,181.388
4/9/2019,147.02,52.96,80.77,43.76,5220.08,177.773
4/10/2019,147.7,53.12,80.88,43.97,5302.92,176.2
4/11/2019,147.69,52.94,80.74,43.46,5054.03,164.733
4/12/2019,148.68,53.34,80.59,43.73,5042.54,163.765
4/13/2019,148.68,53.34,80.59,43.73,5042.54,163.765
4/14/2019,148.68,53.34,80.59,43.73,5089.29,164.63
4/15/2019,148.56,53.29,80.61,43.5,5021.53,160.13
4/16/2019,148.6,53.49,80.47,43.85,5185.02,165.64
4/17/2019,148.05,53.55,80.47,43.96,5221.26,166.578
4/18/2019,148.27,53.51,80.58,44.01,5308.57,175.755
4/19/2019,148.27,53.51,80.58,44.01,5269.97,172.615
4/20/2019,148.27,53.51,80.58,44.01,5269.97,172.615
4/21/2019,148.27,53.51,80.58,44.01,5239.36,168.083
4/22/2019,148.31,53.41,80.5,43.75,5365.89,171.768
4/23/2019,149.8,53.54,80.64,43.85,5580.07,172.563
4/24/2019,149.6,53.03,80.85,43.34,5435.81,164.39
4/25/2019,149.35,52.94,80.83,43.26,5495.18,164.975
4/26/2019,150.16,53.22,81.01,43.46,5097.52,151.158
4/27/2019,150.16,53.22,81.01,43.46,5097.52,151.158
4/28/2019,150.16,53.22,81.01,43.46,5129.43,153.733
4/29/2019,150.38,53.35,80.84,43.38,5129.68,151.95
4/30/2019,150.39,53.34,80.96,43.41,5237.87,156.46
5/1/2019,149.27,53.06,80.77,43.17,5307.8,157.578
5/2/2019,149.02,52.98,80.59,43.23,5405.46,158.988
5/3/2019,150.63,53.52,80.74,43.79,5689.05,165.918
5/4/2019,150.63,53.52,80.74,43.79,5689.05,165.918
5/5/2019,150.63,53.52,80.74,43.79,5767.57,162.905
5/6/2019,150.15,52.87,80.84,42.86,5693.95,173.15
5/7/2019,147.56,51.97,80.96,42.05,5844.63,170.18
5/8/2019,147.32,52.02,80.9,41.94,5900.67,168.428
5/9/2019,146.85,51.6,80.98,41.35,6080.72,168.055
5/10/2019,147.53,51.98,80.97,41.69,6291.33,171.605
5/11/2019,147.53,51.98,80.97,41.69,6291.33,171.605
5/12/2019,147.53,51.98,80.97,41.69,7172.67,171.605
5/13/2019,143.8,50.68,81.14,40.28,7864.38,171.605
5/14/2019,145.1,51.19,81.19,40.84,7719.93,204.388
5/15/2019,145.96,51.35,81.31,40.95,8171.07,239.643
5/16/2019,147.28,51.59,81.19,40.85,7676.51,254.543
5/17/2019,146.24,51.16,81.21,40.07,7106.31,233.318
5/18/2019,146.24,51.16,81.21,40.07,7106.31,233.318
5/19/2019,146.24,51.16,81.21,40.07,7106.31,257.338
5/20/2019,145.2,50.96,81.11,39.93,7106.31,254.573
5/21/2019,146.62,51.3,81.07,40.47,8086.18,262.988
5/22/2019,146.09,51.13,81.22,40.3,7832.46,247.815
5/23/2019,144.23,50.61,81.51,39.79,7878.46,244.86
5/24/2019,144.58,51.02,81.51,39.85,8112.36,253.928
5/25/2019,144.58,51.02,81.51,39.85,8112.36,253.928
5/26/2019,144.58,51.02,81.51,39.85,8582.04,264.868
5/27/2019,144.58,51.02,81.51,39.85,8754.64,267.268
5/28/2019,143.31,50.7,81.68,39.97,8687.79,272.29
5/29/2019,142.33,50.53,81.66,40.31,8646.35,269.663
5/30/2019,142.61,50.71,81.88,40.49,8463.48,263.36
5/31/2019,140.69,50.45,82.24,40.64,8503.38,261.847
6/1/2019,140.69,50.45,82.24,40.64,8503.38,261.847
6/2/2019,140.69,50.45,82.24,40.64,8687.43,267.775
6/3/2019,140.41,50.76,82.28,40.88,8556.11,260.64
6/4/2019,143.56,51.26,82.14,40.89,7651.38,239.473
6/5/2019,144.66,51.14,82.14,40.59,7732.88,244.063
6/6/2019,145.47,51.26,82.12,40.58,7690.61,241.395
6/7/2019,146.79,51.85,82.34,40.87,7898.63,247.77
6/8/2019,146.79,51.85,82.34,40.87,7898.63,247.77
6/9/2019,146.79,51.85,82.34,40.87,7718.88,247.77
6/10/2019,147.61,52.06,82.17,41.25,7943.46,244.093
6/11/2019,147.47,52.4,82.11,41.68,7926.36,244.24
6/12/2019,147.27,51.94,82.25,41.23,8120.45,255.748
6/13/2019,147.95,52,82.39,41.27,8261.05,258.902
6/14/2019,147.63,51.58,82.4,40.76,8452.83,257.87
6/15/2019,147.63,51.58,82.4,40.76,8452.83,257.87
6/16/2019,147.63,51.58,82.4,40.76,8932.64,266.398
6/17/2019,147.19,51.63,82.4,40.65,9273.06,272.603
6/18/2019,148.8,52.45,82.59,41.57,9125.34,263.76
6/19/2019,149.31,52.8,82.87,41.86,9167.27,268.022
6/20/2019,150.68,53.36,83,42.51,9562.66,272.553
6/21/2019,150.7,52.54,82.77,42.34,9939.81,293.918
6/22/2019,150.7,52.54,82.77,42.34,9939.81,293.918
6/23/2019,150.7,52.54,82.77,42.34,9939.81,293.918
6/24/2019,149.86,52.59,82.92,42.37,10856.69,305.96
6/25/2019,148.44,52.22,82.95,41.91,11366.24,308.665
6/26/2019,148.16,52.38,82.76,42.32,12733.71,337.255
6/27/2019,149.05,52.55,83,42.56,10686.14,288.665
6/28/2019,150.09,52.75,83.07,42.53,12212.7,306.405
6/29/2019,150.09,52.75,83.07,42.53,12212.7,306.405
6/30/2019,150.09,52.75,83.07,42.53,11392.98,303.58
7/1/2019,151.15,53.06,82.87,43.14,10481.86,288.741
7/2/2019,151.5,53.25,83.03,43.08,10714.88,288.29
7/3/2019,152.64,53.44,83.18,43.13,11378.23,293.873
7/4/2019,152.64,53.44,83.18,43.13,11721.74,292.823
7/5/2019,152.55,53.09,82.79,42.83,11034,286.825
7/6/2019,152.55,53.09,82.79,42.83,11034,286.825
7/7/2019,152.55,53.09,82.79,42.83,11507.39,286.825
7/8/2019,151.73,52.76,82.78,42.66,12207.1,310.635
7/9/2019,152,52.56,82.67,42.55,12401.88,304.608
7/10/2019,152.62,52.8,82.74,42.83,11778.8,287.315
7/11/2019,152.83,52.83,82.47,42.74,11146.07,266.487
7/12/2019,153.61,52.87,82.54,42.74,11907.36,276.826
7/13/2019,153.61,52.87,82.54,42.74,11907.36,276.826
7/14/2019,153.61,52.87,82.54,42.74,10641.23,237.225
7/15/2019,153.51,52.96,82.66,42.94,10821.99,231.231
7/16/2019,153.12,52.79,82.55,42.86,9595.05,203.115
7/17/2019,152.11,52.69,82.8,42.76,9686.99,212.68
7/18/2019,152.67,52.86,82.95,43.03,10616.88,224.803
7/19/2019,151.8,52.69,82.86,42.75,10529.52,220.375
7/20/2019,151.8,52.69,82.86,42.75,10529.52,220.375
7/21/2019,151.8,52.69,82.86,42.75,10504.08,223.053
7/22/2019,152.16,52.77,82.95,42.7,10322.33,217.888
7/23/2019,153.18,53,82.88,42.7,10147.93,217.828
7/24/2019,154.12,53,82.96,42.83,9671.71,215.255
7/25/2019,153.3,52.51,82.87,42.58,9874.05,218.55
7/26/2019,154.41,52.65,82.87,42.62,9834.23,218.33
7/27/2019,154.41,52.65,82.87,42.62,9834.23,218.33
7/28/2019,154.41,52.65,82.87,42.62,9834.23,207.825
7/29/2019,154.04,52.67,82.92,42.61,9516.61,211.525
7/30/2019,153.89,52.1,82.9,42.19,9541.65,209.24
7/31/2019,152.21,51.7,83,41.76,10026.61,215.38
8/1/2019,150.8,51.32,83.4,41,10411.97,217.64
8/2/2019,149.58,50.94,83.48,40.61,10399.38,215.648
8/3/2019,149.58,50.94,83.48,40.61,10399.38,215.648
8/4/2019,149.58,50.94,83.48,40.61,10945.5,221.483
8/5/2019,145.14,49.55,83.84,39.18,11723.69,231.93
8/6/2019,147.03,49.97,84.05,39.8,11643.41,226.043
8/7/2019,147.19,50.19,84.05,39.97,11863.77,224.01
8/8/2019,149.99,50.77,84.12,40.49,11595.78,217.523
8/9/2019,148.92,50.38,83.97,40.09,11864.63,209.265
8/10/2019,148.92,50.38,83.97,40.09,11864.63,209.265
8/11/2019,148.92,50.38,83.97,40.09,11409.65,215.095
8/12/2019,147.08,49.89,84.34,39.64,11418.31,211.968
8/13/2019,149.18,50.44,84.21,40.11,10882.13,207.425
8/14/2019,144.87,49.02,84.51,39,10171.6,188.265
8/15/2019,145.14,49.2,84.92,39.22,10372.72,187.109
8/16/2019,147.34,49.82,84.83,39.74,10395.4,185.215
8/17/2019,147.34,49.82,84.83,39.74,10395.4,185.215
8/18/2019,147.34,49.82,84.83,39.74,10363.71,185.215
8/19/2019,149.09,50.06,84.56,39.87,10678.85,198.491
8/20/2019,147.95,49.96,84.78,39.94,10706.71,196.753
8/21/2019,149.2,50.34,84.74,40.25,10155.19,185.843
8/22/2019,149.07,50.15,84.58,39.84,10182.76,192.508
8/23/2019,145.31,49.47,84.89,39.27,10361.52,192.765
8/24/2019,145.31,49.47,84.89,39.27,10361.52,192.765
8/25/2019,145.31,49.47,84.89,39.27,9998.22,184.383
8/26/2019,146.78,49.85,84.84,39.52,10265.73,186.355
8/27/2019,146.1,49.8,85.13,39.54,10143.08,186.638
8/28/2019,147.14,49.9,85.16,39.69,9669.45,171.643
8/29/2019,149.09,50.31,85.11,40.15,9526.03,169.763
8/30/2019,149.04,50.58,85.1,40.4,9626.18,169.122
8/31/2019,149.04,50.58,85.1,40.4,9626.18,169.122
9/1/2019,149.04,50.58,85.1,40.4,9638.82,170.423
9/2/2019,149.04,50.58,85.1,40.4,10408.87,179.98
9/3/2019,148.07,50.38,84.99,40.19,10712.47,181.388
9/4/2019,149.65,51.14,85.15,40.85,10626.01,176.368
9/5/2019,151.65,51.53,84.71,41.16,10518.1,172.005
9/6/2019,151.68,51.69,84.81,41.29,10356.88,168.77
9/7/2019,151.68,51.69,84.81,41.29,10356.88,168.77
9/8/2019,151.68,51.69,84.81,41.29,10366.7,168.77
9/9/2019,151.77,51.75,84.42,41.4,10237.89,179.42
9/10/2019,151.92,51.84,83.99,41.4,10052.99,178.053
9/11/2019,153.16,52.13,83.94,41.71,10099.08,177.01
9/12/2019,153.62,52.43,83.78,41.97,10331.07,180.025
9/13/2019,153.47,52.73,83.3,42.19,10270.67,180.97
9/14/2019,153.47,52.73,83.3,42.19,10270.67,180.97
9/15/2019,153.47,52.73,83.3,42.19,10275.78,189.198
9/16/2019,152.46,52.31,83.52,41.85,10215.87,199.24
9/17/2019,152.83,52.47,83.71,41.9,10250.3,213.04
9/18/2019,152.81,52.37,83.77,41.69,10196.93,211.287
9/19/2019,152.71,52.45,83.89,41.43,10258.85,219.8
9/20/2019,152.04,52.4,84.19,41.5,10135.94,216.344
9/21/2019,152.04,52.4,84.19,41.5,10135.94,216.344
9/22/2019,152.04,52.4,84.19,41.5,10008.8,208.278
9/23/2019,152.12,52.34,84.25,41.65,9765.49,205.143
9/24/2019,150.71,51.76,84.54,40.63,8582,165.555
9/25/2019,151.66,51.72,84.14,40.67,8511.8,170.807
9/26/2019,151.2,51.77,84.28,40.65,8094.12,164.075
9/27/2019,150.3,51.46,84.37,40.14,8060.97,171.166
9/28/2019,150.3,51.46,84.37,40.14,8060.97,171.166
9/29/2019,150.3,51.46,84.37,40.14,8013.75,168.836
9/30/2019,151,51.66,84.43,40.26,8240.9,177.09
10/1/2019,149.03,51.19,84.33,39.98,8380.24,177.758
10/2/2019,146.61,50.39,84.52,39.79,8235.09,177.355
10/3/2019,147.8,50.78,84.8,40.27,8161.33,172.78
10/4/2019,149.73,51.12,84.94,40.46,8161.33,177.555
10/5/2019,149.73,51.12,84.94,40.46,8161.33,177.555
10/6/2019,149.73,51.12,84.94,40.46,8161.33,171.191
10/7/2019,149.14,50.95,84.72,40.15,8161.33,179.431
10/8/2019,146.73,50.52,84.76,39.81,8161.33,177.838
10/9/2019,148.08,50.92,84.66,40.11,8590.16,192.593
10/10/2019,149.03,51.3,84.4,40.54,8580.86,192.403
10/11/2019,150.63,52.12,84.09,41.08,8342.93,181.934
10/12/2019,150.63,52.12,84.09,41.08,8342.93,181.934
10/13/2019,150.63,52.12,84.09,41.08,8263.34,181.035
10/14/2019,150.49,51.91,84.23,40.99,8343.42,186.968
10/15/2019,151.97,52.45,84.01,41.27,8144.33,178.56
10/16/2019,151.69,52.56,84.1,41.38,7988.24,174.663
10/17/2019,152.19,52.7,84.1,41.51,8046.49,176.555
10/18/2019,151.58,52.6,84.14,41.4,7947.7,174.11
10/19/2019,151.58,52.6,84.14,41.4,7947.7,174.11
10/20/2019,151.58,52.6,84.14,41.4,8226.5,175.173
10/21/2019,152.57,52.92,83.94,41.7,8207.68,173.887
10/22/2019,152.11,52.87,84.09,41.67,8125.1,172.683
10/23/2019,152.42,53.06,84.13,41.69,7491.38,160.578
10/24/2019,152.84,53.15,84.14,41.74,7456.59,161.04
10/25/2019,153.45,53.26,84,41.93,8574.4,180.97
10/26/2019,153.45,53.26,84,41.93,8574.4,180.97
10/27/2019,153.45,53.26,84,41.93,9623.68,186.598
10/28/2019,154.38,53.49,83.82,42.26,9456.3,183.938
10/29/2019,154.35,53.4,83.84,42.02,9446.04,191.535
10/30/2019,154.72,53.6,84.11,42.18,9184.99,182.983
10/31/2019,154.18,53.43,84.51,41.85,9189.42,181.46
11/1/2019,155.83,53.95,84.25,42.5,9212.68,184.375
11/2/2019,155.83,53.95,84.25,42.5,9212.68,184.375
11/3/2019,155.83,53.95,84.25,42.5,9157.7,180.675
11/4/2019,156.4,54.26,84.01,42.81,9443.36,186.45
11/5/2019,156.26,54.35,83.72,43.02,9357.06,190.403
11/6/2019,156.19,54.26,83.9,42.95,9314.92,190.605
11/7/2019,156.72,54.47,83.47,43.24,9209.87,186.508
11/8/2019,157.16,54.34,83.39,42.85,8866.55,185.598
11/9/2019,157.16,54.34,83.39,42.85,8866.55,185.598
11/10/2019,157.16,54.34,83.39,42.85,9042.05,189.66
11/11/2019,156.85,54.16,83.44,42.61,8736.17,186.318
11/12/2019,157.12,54.1,83.49,42.29,8764.95,186.253
11/13/2019,157.19,53.9,83.64,42.02,8753.01,187.657
11/14/2019,157.35,53.84,83.88,42,8651.15,184.96
11/15/2019,158.55,54.2,83.85,42.28,8453.89,179.72
11/16/2019,158.55,54.2,83.85,42.28,8453.89,179.72
11/17/2019,158.55,54.2,83.85,42.28,8555.38,185.387
11/18/2019,158.64,54.23,83.97,42.27,8218.67,178.803
11/19/2019,158.69,54.19,84.06,42.42,8108.09,174.855
11/20/2019,158.19,53.91,84.29,42.26,8087.79,175.275
11/21/2019,157.79,53.81,84.15,42.31,7598.7,159.953
11/22/2019,158.14,53.92,84.2,42.23,7343.85,153.41
11/23/2019,158.14,53.92,84.2,42.23,7343.85,153.41
11/24/2019,158.14,53.92,84.2,42.23,7050,144.53
11/25/2019,159.64,54.32,84.28,42.61,7214.3,148.33
11/26/2019,159.98,54.32,84.42,42.44,7113.51,148.308
11/27/2019,160.74,54.44,84.29,42.57,7550.08,153.923
11/28/2019,160.74,54.44,84.29,42.57,7564.94,152.555
11/29/2019,160.02,53.96,84.29,42.06,7710.34,152.983
11/30/2019,160.02,53.96,84.29,42.06,7710.34,152.983
12/1/2019,160.02,53.96,84.29,42.06,7381.45,151.419
12/2/2019,158.57,53.74,83.89,42.07,7319.36,148.675
12/3/2019,157.63,53.56,84.34,41.9,7329.85,148.24
12/4/2019,158.65,54.02,84.17,42.27,7187.39,145.628
12/5/2019,158.88,54.02,84.08,42.49,7379.66,148.335
12/6/2019,160.29,54.48,83.97,42.65,7469.48,148.8
12/7/2019,160.29,54.48,83.97,42.65,7469.48,148.8
12/8/2019,160.29,54.48,83.97,42.65,7546.9,151.381
12/9/2019,159.78,54.2,83.99,42.49,7356.78,147.581
12/10/2019,159.64,54.3,83.93,42.58,7222.09,145.272
12/11/2019,160.02,54.66,84.21,43.15,7191.95,143.03
12/12/2019,161.33,55.2,83.81,43.74,7200.62,145.046
12/13/2019,161.33,55.43,84.19,43.69,7240.62,144.653
12/14/2019,161.33,55.43,84.19,43.69,7240.62,144.653
12/15/2019,161.33,55.43,84.19,43.69,7120.76,142.7
12/16/2019,162.51,55.96,83.96,44.06,6876.58,132.03
12/17/2019,162.57,55.89,83.97,44.39,6616.45,122.258
12/18/2019,162.64,55.93,83.86,44.63,7131.58,130.833
12/19/2019,163.35,55.9,83.92,44.66,7157.05,126.91
12/20/2019,164.19,55.92,83.94,44.7,7198.73,128.42
12/21/2019,164.19,55.92,83.94,44.7,7198.73,128.42
12/22/2019,164.19,55.92,83.94,44.7,7407.05,132.095
12/23/2019,164.29,55.38,83.7,44.22,7319.77,127.288
12/24/2019,163.44,55.39,83.78,44.18,7246.81,128.3
12/25/2019,163.44,55.39,83.78,44.18,7211.27,125.468
12/26/2019,164.23,55.63,83.86,44.55,7189.08,126.382
12/27/2019,164.08,55.9,83.98,44.61,7219.5,125.71
12/28/2019,164.08,55.9,83.98,44.61,7219.5,125.71
12/29/2019,164.08,55.9,83.98,44.61,7388.48,134.777
12/30/2019,163.19,55.47,83.95,44.36,7243.35,131.675
12/31/2019,163.62,55.69,83.86,44.47,7158.27,128.415
1/1/2020,163.62,55.69,83.86,44.47,7216.21,131.79
1/2/2020,164.98,56.31,83.97,45.53,6960.58,127.911
1/3/2020,163.93,55.62,84.27,44.72,7269.82,132.56
1/4/2020,163.93,55.62,84.27,44.72,7269.82,132.56
1/5/2020,163.93,55.62,84.27,44.72,7363.55,135.48
1/6/2020,164.49,55.7,84.17,44.64,7575.93,141.7
1/7/2020,164.1,55.6,84.1,44.62,8021.36,142.515
1/8/2020,164.91,55.7,83.97,44.82,8004.26,139.12
1/9/2020,165.94,55.95,84.07,45.05,7786.84,136.995
1/10/2020,165.46,55.88,84.21,45.27,8043.69,142.847
1/11/2020,165.46,55.88,84.21,45.27,8101.99,143.835
1/12/2020,165.46,55.88,84.21,45.27,8099.1,144.375
1/13/2020,166.59,56.3,84.16,45.89,8131.06,144.173
1/14/2020,166.5,56.31,84.28,45.68,8736.16,163.793
1/15/2020,166.91,56.16,84.41,45.39,8821.69,165.123
1/16/2020,168.34,56.46,84.36,45.62,8678.8,163.165
1/17/2020,168.76,56.64,84.35,45.91,8906.32,170.875
1/18/2020,168.76,56.64,84.35,45.91,8914.28,176.49
1/19/2020,168.76,56.64,84.35,45.91,8718.75,165.688
1/20/2020,168.76,56.64,84.35,45.91,8671.68,167.013
1/21/2020,168.4,56.02,84.56,44.77,8721.88,168.93
1/22/2020,168.5,56.2,84.63,45.04,8640.65,167.475
1/23/2020,168.69,56,84.78,44.63,8382.87,162.22
1/24/2020,167.09,55.68,84.91,44.29,8406.05,162.28
1/25/2020,167.09,55.68,84.91,44.29,8406.05,162.28
1/26/2020,167.09,55.68,84.91,44.29,8406.05,162.28
1/27/2020,164.58,54.46,85.19,42.8,8406.05,162.28
1/28/2020,166.17,54.87,85.04,43.16,9042.56,172.028
1/29/2020,166.06,54.9,85.28,43.36,9354.7,175.718
1/30/2020,166.46,54.7,85.3,42.77,9552.18,184.925
1/31/2020,163.52,53.8,85.52,42.01,9354.29,180.62
2/1/2020,163.52,53.8,85.52,42.01,9358.74,182.378
2/2/2020,163.52,53.8,85.52,42.01,9443.43,191.605
2/3/2020,164.96,53.9,85.26,42.31,9274.19,189.517
2/4/2020,167.56,54.85,85,43.32,9139.77,187.785
2/5/2020,169.21,55.35,84.86,43.56,9687.28,206.633
2/6/2020,169.68,55.48,84.94,43.54,9737.36,213.443
2/7/2020,168.71,54.93,85.2,42.95,9744.46,219.366
2/8/2020,168.71,54.93,85.2,42.95,9925.58,223.055
2/9/2020,168.71,54.93,85.2,42.95,10077.63,225.294
2/10/2020,169.95,55.04,85.33,43.22,9866.28,222.608
2/11/2020,170.42,55.44,85.19,43.77,10236.53,237.44
2/12/2020,171.49,55.84,85.09,44.33,10389.08,270.133
2/13/2020,171.42,55.41,85.17,43.86,10180.13,262.78
2/14/2020,171.7,55.38,85.26,43.77,10344.55,282.605
2/15/2020,171.7,55.38,85.26,43.77,9924.7,268.245
2/16/2020,171.7,55.38,85.26,43.77,9773.09,252.2
2/17/2020,171.7,55.38,85.26,43.77,9646.95,260.283
2/18/2020,171.3,55.04,85.39,43.62,10154.96,281.3
2/19/2020,172.17,55.3,85.38,43.98,9612.05,262.448
2/20/2020,171.65,54.85,85.59,43.38,9610.56,259.363
2/21/2020,169.89,54.56,85.8,43.22,9674.01,263.088
2/22/2020,169.89,54.56,85.8,43.22,9697.32,263.315
2/23/2020,169.89,54.56,85.8,43.22,9885.42,271.85
2/24/2020,164.3,52.54,86.07,41.7,9606.78,262.155
2/25/2020,159.28,51.82,86.14,41.37,9383.9,250.625
2/26/2020,158.4,51.92,86.09,41.63,8747.24,224.113
2/27/2020,151.46,50.44,86.19,40.63,8757.31,226.525
2/28/2020,150.44,50.25,86.76,40.52,8671.27,226.528
2/29/2020,150.44,50.25,86.76,40.52,8633.36,223.835
3/1/2020,150.44,50.25,86.76,40.52,8512.54,214.795
3/2/2020,156.67,50.8,86.53,41.3,8945.93,233.425
3/3/2020,152.63,50.34,87.05,41.1,8738.3,224.368
3/4/2020,158.73,51.64,87.03,41.68,8732.24,223.478
3/5/2020,153.44,50.4,87.36,40.88,9115.82,231.265
3/6/2020,150.59,49.65,87.96,40.11,9138.35,241.188
3/7/2020,150.59,49.65,87.96,40.11,8892.79,238.953
3/8/2020,150.59,49.65,87.96,40.11,8079.07,202.12
3/9/2020,138.5,45.73,87.77,37.12,7861.2,198.865
3/10/2020,145.37,47.5,86.59,38.99,7999.1,203.26
3/11/2020,138.01,45.14,84.95,37.3,7863.14,193.31
3/12/2020,124.59,40.29,80.33,33.55,5725.35,128.965
3/13/2020,135.93,42.85,83.72,35.9,5434.09,128.775
3/14/2020,135.93,42.85,83.72,35.9,5334.27,127.668
3/15/2020,135.93,42.85,83.72,35.9,5177.49,120.728
3/16/2020,120.46,38.08,84.6,31.56,4904.48,109.623
3/17/2020,126.5,40.05,82.85,33.54,5469.8,119.3
3/18/2020,119.21,37.33,80.85,30.81,5338.27,116.51
3/19/2020,120.09,37.75,80.8,30.98,6254.32,137.335
3/20/2020,115.19,37.62,82.17,31.12,5971.92,125.393
3/21/2020,115.19,37.62,82.17,31.12,6336.94,135.56
3/22/2020,115.19,37.62,82.17,31.12,5937.7,124.478
3/23/2020,111.91,36.75,83.99,30.46,6414.54,132.408
3/24/2020,122.53,39.83,84.08,32.38,6752.28,139.783
3/25/2020,124.22,41.27,85.21,33.44,6598.56,135.34
3/26/2020,131.11,42.89,85.6,34.79,6744.69,136.735
3/27/2020,126.93,41.41,86.06,32.91,6683.67,137.445
3/28/2020,126.93,41.41,86.06,32.91,6258.91,130.985
3/29/2020,126.93,41.41,86.06,32.91,5949.89,125.72
3/30/2020,130.78,42.18,86.15,33.39,6477.56,134.13
3/31/2020,128.91,41.96,85.35,33.55,6481.37,134.745
4/1/2020,122.96,40.36,85.6,32.36,6351.21,132.193
4/2/2020,125.52,41.29,86,33.31,6749.37,140.635
4/3/2020,123.38,40.43,85.96,32.67,6703.55,140.775
4/4/2020,123.38,40.43,85.96,32.67,6843.81,143.825
4/5/2020,123.38,40.43,85.96,32.67,6761.43,142.528
4/6/2020,132.01,42.5,86.23,34.28,7231.12,164.223
4/7/2020,132.16,42.79,86.31,34.48,7118.23,163.55
4/8/2020,136.8,43.21,86.53,34.88,7325.08,172.093
4/9/2020,139.36,43.9,87.48,34.82,7306.08,170.515
4/10/2020,139.36,43.9,87.48,34.82,6920.1,159.228
4/11/2020,139.36,43.9,87.48,34.82,6796.91,155.033
4/12/2020,139.36,43.9,87.48,34.82,7122.4,163.945
4/13/2020,137.7,43.74,87.2,34.95,6828.62,156.708
4/14/2020,141.88,44.51,87.2,35.65,6873.41,159.21
4/15/2020,138.55,43.26,87.63,34.86,6752.45,157.81
4/16/2020,139.2,43.27,87.68,35.06,7060.08,172.518
4/17/2020,143.14,44.4,87.56,35.63,7060.14,171.01
4/18/2020,143.14,44.4,87.56,35.63,7233.21,183.415
4/19/2020,143.14,44.4,87.56,35.63,7150.37,181.47
4/20/2020,140.82,43.76,87.42,35.37,6868.11,171.918
4/21/2020,136.45,42.82,87.53,34.39,6894.6,172.815
4/22/2020,139.53,43.69,87.46,35.28,7119.34,183.03
4/23/2020,139.55,43.59,87.6,35.14,7541.59,189.195
4/24/2020,141.63,43.95,87.57,35.09,7533.88,188.168
4/25/2020,141.63,43.95,87.57,35.09,7553.5,194.23
4/26/2020,141.63,43.95,87.57,35.09,7651.93,196.918
4/27/2020,144.14,44.57,87.26,35.75,7708.12,193.678
4/28/2020,143.69,44.89,87.52,35.84,7736.85,196.638
4/29/2020,147.76,46.07,87.58,36.81,8933.48,216.925
4/30/2020,145.84,45.15,87.51,36.17,8826.56,211.745
5/1/2020,141.81,44.06,87.3,34.96,8734.2,209.893
5/2/2020,141.81,44.06,87.3,34.96,8934.5,214.168
5/3/2020,141.81,44.06,87.3,34.96,8848.36,208.058
5/4/2020,142.35,44.13,87.39,35.4,8921.68,207.375
5/5/2020,143.67,44.29,87.31,35.56,8951.51,205.048
5/6/2020,142.88,44.11,86.92,35.47,9250.9,205.618
5/7/2020,144.75,44.65,87.2,35.7,9801.31,211.8
5/8/2020,147.47,45.39,86.95,36.5,9998.9,214.65
5/9/2020,147.47,45.39,86.95,36.5,9649.88,212.07
5/10/2020,147.47,45.39,86.95,36.5,8675.29,188.193
5/11/2020,147.49,45.35,86.68,36.32,8636.21,186.818
5/12/2020,144.35,44.89,86.96,36.21,8824.98,189.713
5/13/2020,141.45,44.56,87.06,36.1,9300.04,198.273
5/14/2020,142.97,44.37,87.3,36.21,9656.61,202.685
5/15/2020,143.83,44.22,87.35,35.76,9241.91,193.45
5/16/2020,143.83,44.22,87.35,35.76,9381.42,200.2
5/17/2020,143.83,44.22,87.35,35.76,9738.8,207.968
5/18/2020,148.6,45.94,87.19,37.11,9677.73,212.835
5/19/2020,147.02,45.47,87.3,36.74,9690.24,212.553
5/20/2020,149.74,46.24,87.53,37.2,9588.55,210.468
5/21/2020,148.84,45.78,87.62,36.82,9056.92,198.948
5/22/2020,149.26,45.45,87.65,36.12,9181,208.2
5/23/2020,149.26,45.45,87.65,36.12,9235.17,208.023
5/24/2020,149.26,45.45,87.65,36.12,9001.5,206.345
5/25/2020,149.26,45.45,87.65,36.12,8914.38,204.845
5/26/2020,151.34,46.71,87.6,36.92,8859.07,202.198
5/27/2020,153.73,47.14,87.64,36.96,9163.42,206.393
5/28/2020,153.2,47.35,87.67,36.72,9446.84,214.55
5/29/2020,153.71,47.41,87.92,37.36,9415.96,220.115
5/30/2020,153.71,47.41,87.92,37.36,9440.21,235.495
5/31/2020,153.71,47.41,87.92,37.36,9505.38,235.485
6/1/2020,154.75,48.43,87.68,38.21,9680.19,241.87
6/2/2020,155.92,49.15,87.75,39.1,9522.85,236.535
6/3/2020,158.35,50.21,87.55,39.86,9583.65,241.603
6/4/2020,157.85,49.86,87.34,39.36,9783.87,241.708
6/5/2020,161.9,50.83,87.33,40.27,9712.33,241.57
6/6/2020,161.9,50.83,87.33,40.27,9706,242.165
6/7/2020,161.9,50.83,87.33,40.27,9732.43,242.44
6/8/2020,164.1,51.42,87.42,40.59,9702.87,242.288
6/9/2020,162.6,50.86,87.48,40.37,9749.6,243.565
6/10/2020,161.39,50.8,87.85,40.57,9867.63,247.83
6/11/2020,151.87,48.06,87.69,38.5,9340.86,232.475
6/12/2020,153.97,48.99,87.78,39.38,9463.3,237.665
6/13/2020,153.97,48.99,87.78,39.38,9403.53,236.963
6/14/2020,153.97,48.99,87.78,39.38,9382.05,234.095
6/15/2020,155.62,49.04,87.96,39.22,9481.06,232.74
6/16/2020,158.61,49.6,87.85,39.37,9494.7,233.858
6/17/2020,157.84,49.73,87.87,39.73,9374.04,231.44
6/18/2020,157.97,49.62,87.97,39.74,9343.09,229.048
6/19/2020,157.08,49.42,88,39.81,9315.35,229.498
6/20/2020,157.08,49.42,88,39.81,9318.47,227.65
6/21/2020,157.08,49.42,88,39.81,9310.9,229.315
6/22/2020,158.17,49.8,87.97,40.07,9645.06,244.92
6/23/2020,158.79,50.1,87.93,40.47,9629.89,243.523
6/24/2020,154.48,49.02,87.94,39.86,9288.58,234.853
6/25/2020,155.64,49.52,88.03,40.03,9275.81,233.83
6/26/2020,152.02,48.87,88.19,39.55,9190.26,230.12
6/27/2020,152.02,48.87,88.19,39.55,8946.51,218.655
6/28/2020,152.02,48.87,88.19,39.55,9109.76,224.96
6/29/2020,154.25,49.26,88.25,39.81,9180.36,227.493
6/30/2020,156.53,49.17,88.34,39.61,9147.09,225.688
7/1/2020,157.44,49.42,88.2,40.14,9239.05,231.435
7/2/2020,158.07,50.15,88.34,41.09,9082.38,226.33
7/3/2020,158.07,50.15,88.34,41.09,9092.7,226.868
7/4/2020,158.07,50.15,88.34,41.09,9131.21,229.115
7/5/2020,158.07,50.15,88.34,41.09,9013.96,225.023
7/6/2020,160.56,51.27,88.31,42.9,9277.06,238.405
7/7/2020,158.93,50.56,88.45,42.22,9254.79,238.708
7/8/2020,160.23,51.21,88.4,43.35,9430.25,246.375
7/9/2020,159.24,50.76,88.64,43.38,9237.04,241.48
7/10/2020,160.95,51.02,88.54,43.08,9235.1,239.55
7/11/2020,160.95,51.02,88.54,43.08,9217.05,238.9
7/12/2020,160.95,51.02,88.54,43.08,9232.34,238.84
7/13/2020,159.21,50.69,88.58,42.87,9249.8,239.165
7/14/2020,161.3,51.26,88.69,42.89,9272.83,241.435
7/15/2020,163.3,51.71,88.7,42.93,9213.7,238.165
7/16/2020,162.57,51.25,88.76,42.32,9103.61,232.888
7/17/2020,163.19,51.54,88.85,42.51,9157.69,232.675
7/18/2020,163.19,51.54,88.85,42.51,9179.26,236.465
7/19/2020,163.19,51.54,88.85,42.51,9171.94,235.705
7/20/2020,164.44,51.89,88.94,43.11,9175.47,236.638
7/21/2020,164.91,52.18,88.99,43.43,9376.53,245.48
7/22/2020,165.77,52.2,89.11,43.28,9377.3,245.89
7/23/2020,163.96,51.8,89.19,42.99,9593.77,273.34
7/24/2020,162.69,51.61,89.17,42.88,9629.62,286.14
7/25/2020,162.69,51.61,89.17,42.88,9729.45,306.06
7/26/2020,162.69,51.61,89.17,42.88,9895.63,310.8
7/27/2020,164.09,52.35,89.11,43.48,10891.81,324.405
7/28/2020,162.89,51.98,89.15,43.01,10981.18,320.083
7/29/2020,165.05,52.64,89.29,43.77,11222.15,322.585
7/30/2020,164.68,51.98,89.34,43.26,11150.47,338.7
7/31/2020,165.52,51.21,89.46,43.01,11345.63,345.61
8/1/2020,165.52,51.21,89.46,43.01,11847.66,386.583
8/2/2020,165.52,51.21,89.46,43.01,11090.63,373.4
8/3/2020,166.96,51.95,89.27,43.34,11383.53,390.893
8/4/2020,167.62,52.35,89.46,43.83,11214.45,388.145
8/5/2020,168.84,52.66,89.34,44.28,11692.68,400.658
8/6/2020,169.66,52.82,89.48,44.34,11851.58,396.7
8/7/2020,169.8,52.35,89.38,43.44,11575.83,377.89
8/8/2020,169.8,52.35,89.38,43.44,11716.3,388.443
8/9/2020,169.8,52.35,89.38,43.44,11679.9,393.243
8/10/2020,170.27,52.51,89.28,43.43,11859.27,395.223
8/11/2020,168.9,52.63,88.97,43.27,11212.89,373.175
8/12/2020,171.16,53.59,88.74,43.8,11565.95,386.395
8/13/2020,171.03,53.36,88.45,43.63,11615.32,410.493
8/14/2020,170.98,53.1,88.35,43.69,11770.13,439.075
8/15/2020,170.98,53.1,88.35,43.69,11870.5,432.663
8/16/2020,170.98,53.1,88.35,43.69,11849.5,430.65
8/17/2020,171.71,53.6,88.46,44.16,12327.23,438.653
8/18/2020,171.97,53.58,88.58,44.32,12030.11,427.608
8/19/2020,171.3,53.25,88.43,43.81,11715.31,404.51
8/20/2020,171.79,53.11,88.58,43.69,11863.08,416.485
8/21/2020,172.22,52.99,88.77,43.97,11621.41,395.265
8/22/2020,172.22,52.99,88.77,43.97,11608.04,389.04
8/23/2020,172.22,52.99,88.77,43.97,11669.22,393.093
8/24/2020,173.87,53.6,88.67,44.41,11731.2,401.775
8/25/2020,174.45,53.8,88.5,44.82,11265.47,377.84
8/26/2020,176.03,54.08,88.45,44.86,11513.5,389.752
8/27/2020,176.45,53.61,88.13,44.6,11267.05,379.93
8/28/2020,177.68,54.1,88.2,45.14,11502.58,394.4
8/29/2020,177.68,54.1,88.2,45.14,11518.05,405.713
8/30/2020,177.68,54.1,88.2,45.14,11640.79,423.45
8/31/2020,177.28,53.48,88.46,44.19,11678.6,432.6
9/1/2020,178.85,53.8,88.55,45.08,12022.35,482.55
9/2/2020,181.24,54.25,88.74,44.96,11375.47,436.615
9/3/2020,174.94,53.07,88.75,44.17,10785.86,406.48
9/4/2020,173.45,53.18,88.23,44.09,10606.46,391.85
9/5/2020,173.45,53.18,88.23,44.09,10086.94,333.21
9/6/2020,173.45,53.18,88.23,44.09,10236.79,351.835
9/7/2020,173.45,53.18,88.23,44.09,10154.11,345.563
9/8/2020,168.58,52.42,88.36,43.27,10016.81,335.76
9/9/2020,171.88,53.31,88.3,43.83,10259.62,353.77
9/10/2020,169.06,52.65,88.32,43.17,10307.29,365.993
9/11/2020,169.12,53.14,88.41,43.49,10329.82,368.645
9/12/2020,169.12,53.14,88.41,43.49,10441.8,383.37
9/13/2020,169.12,53.14,88.41,43.49,10318.18,363.29
9/14/2020,171.76,53.6,88.41,44.21,10694.29,376.528
9/15/2020,172.74,53.97,88.46,44.71,10867.34,365.87
9/16/2020,172.17,53.89,88.44,44.55,10998.05,365.825
9/17/2020,170.75,53.87,88.44,44.47,10937.41,392.58
9/18/2020,169.09,53.47,88.34,44.12,10890.68,380.34
9/19/2020,169.09,53.47,88.34,44.12,11093.84,386.113
9/20/2020,169.09,53.47,88.34,44.12,10858,369.375
9/21/2020,167.05,52.12,88.39,43.33,10479.79,346.485
9/22/2020,168.71,52.02,88.42,42.95,10516.06,344.875
9/23/2020,164.64,51.39,88.22,42.28,10224.14,322.965
9/24/2020,164.99,51.3,88.23,42.16,10631.74,345.76
9/25/2020,166.96,51.49,88.22,42.15,10717.46,354.94
9/26/2020,166.96,51.49,88.22,42.15,10720.88,353.72
9/27/2020,166.96,51.49,88.22,42.15,10725.25,353.56
9/28/2020,169.99,52.19,88.3,42.57,10871.25,362.925
9/29/2020,169.04,52.12,88.36,42.55,10756.95,357.75
9/30/2020,170.31,52.17,88.22,43.24,10706.95,356.745
10/1/2020,171.73,52.59,88.16,43.62,10606.06,351.76
10/2/2020,170.39,52.36,88.1,43.14,10547.65,346.74
10/3/2020,170.39,52.36,88.1,43.14,10572.62,349.325
10/4/2020,170.39,52.36,88.1,43.14,10650.02,351.855
10/5/2020,173.46,53.13,87.77,43.7,10741.28,352.045
10/6/2020,171.32,52.75,87.89,43.83,10549.5,337.4
10/7/2020,174.31,53.28,87.77,44.24,10661.08,340.825
10/8/2020,175.84,53.65,87.92,44.57,10898.05,351.913
10/9/2020,177.32,54.02,87.94,44.88,11041.96,364.01
10/10/2020,177.32,54.02,87.94,44.88,11367.8,374.632
10/11/2020,177.32,54.02,87.94,44.88,11332.36,373.29
10/12/2020,179.95,54.34,88.07,45.32,11568.4,387.67
10/13/2020,179,53.87,88.14,45.12,11434.88,380.235
10/14/2020,177.81,53.69,88.19,44.92,11393.36,377.043
10/15/2020,177.87,53.13,88.14,44.56,11545.26,380.43
10/16/2020,177.55,53.35,88.07,44.74,11319.41,366.808
10/17/2020,177.55,53.35,88.07,44.74,11354.91,367.103
10/18/2020,177.55,53.35,88.07,44.74,11445.83,375.932
10/19/2020,175.01,53.11,87.99,44.6,11735.13,379.795
10/20/2020,175.62,53.51,87.84,45.05,11904.78,368.418
10/21/2020,175.02,53.36,87.74,45.14,12855.5,395.03
10/22/2020,176.26,53.37,87.59,45.15,13124.02,417.96
10/23/2020,176.84,53.67,87.7,45.36,12942.9,409.389
10/24/2020,176.84,53.67,87.7,45.36,13113.04,412.035
10/25/2020,176.84,53.67,87.7,45.36,13036.88,407.71
10/26/2020,173.63,52.77,87.83,44.77,13019.83,392.945
10/27/2020,172.93,52.58,88.04,44.93,13620.54,403.535
10/28/2020,167.2,51.08,87.92,43.81,13213.48,385.798
10/29/2020,168.78,51.39,87.73,44.27,13486.71,389.123
10/30/2020,166.99,50.97,87.58,43.81,13639.46,384.338
10/31/2020,166.99,50.97,87.58,43.81,13850.1,388.018
11/1/2020,166.99,50.97,87.58,43.81,13823.15,396.928
11/2/2020,168.73,51.68,87.55,44.37,13619.76,385.673
11/3/2020,171.97,52.68,87.53,44.49,13741.48,383.444
11/4/2020,175.72,53.5,88.13,45.92,14008.75,401.298
11/5/2020,179.35,54.66,88.22,46.7,15243.85,413.918
11/6/2020,179.26,54.83,88.02,46.87,15553.32,446.473
11/7/2020,179.26,54.83,88.02,46.87,14837,435.84
11/8/2020,179.26,54.83,88.02,46.87,15342.02,450.283
11/9/2020,181.39,55.98,87.61,47.22,15387.48,447.793
11/10/2020,181.09,56.16,87.44,46.69,15389.01,452.018
11/11/2020,182.56,56.55,87.5,46.89,15831.57,467.143
11/12/2020,180.76,55.79,87.79,46.54,16159.74,463.015
11/13/2020,183.32,56.57,87.82,47.13,16294.47,472.228
11/14/2020,183.32,56.57,87.82,47.13,16008.29,460.225
11/15/2020,183.32,56.57,87.82,47.13,15857.79,443.953
11/16/2020,185.56,57.28,87.87,47.68,16704.72,458.89
11/17/2020,185.14,57.28,88.02,47.61,17639.21,480.875
11/18/2020,183.18,57.01,88.12,47.45,17786.57,474.408
11/19/2020,184.2,57.34,88.3,47.57,17946.04,472.973
11/20/2020,183.23,57.52,88.38,47.9,18589.49,509.133
11/21/2020,183.23,57.52,88.38,47.9,18670.93,544.153
11/22/2020,183.23,57.52,88.38,47.9,18597.77,573.625
11/23/2020,184.73,57.6,88.31,47.89,18422.02,606.148
11/24/2020,187.59,58.45,88.22,48.53,18944.86,599.835
11/25/2020,187.52,58.25,88.18,48.31,18880.69,578.76
11/26/2020,187.52,58.25,88.18,48.31,17055.5,513.89
11/27/2020,188.18,58.68,88.37,48.76,17005.85,515.805
11/28/2020,188.18,58.68,88.37,48.76,17763.11,543.628
11/29/2020,188.18,58.68,88.37,48.76,18270.66,567.655
11/30/2020,186.7,57.4,88.49,47.56,19378.61,605.46
12/1/2020,189.07,58.7,88.08,48.55,19055.69,595.56
12/2/2020,189.23,58.74,87.93,48.53,19156.67,598.156
12/3/2020,189.61,59.01,88.1,49.01,19462.14,615.527
12/4/2020,191.51,59.55,87.87,49.34,18825.45,580.925
12/5/2020,191.51,59.55,87.87,49.34,19020.64,592.326
12/6/2020,191.51,59.55,87.87,49.34,19248.35,599.09
12/7/2020,191.3,59.25,87.99,49.34,19084.67,588.865
12/8/2020,192.13,59.4,88.02,49.48,18773.5,565.998
12/9/2020,190.24,59.33,87.87,48.9,18520.56,576.018
12/10/2020,190.52,59.59,88.05,49.56,18349.98,563.769
12/11/2020,190.18,59.3,88.19,49.23,18101.38,549.488
12/12/2020,190.18,59.3,88.19,49.23,18800.18,570.78
12/13/2020,190.18,59.3,88.19,49.23,19178.3,591.428
12/14/2020,189.64,59.31,88.16,49.05,19199.17,586.223
12/15/2020,192.24,59.95,88.2,49.51,19424.24,588.805
12/16/2020,192.51,60.1,88.11,49.78,21206.36,629.455
12/17/2020,194.02,60.52,88.13,50.18,22779.13,640.623
12/18/2020,193.47,60.28,88.1,50.03,22901.2,651.025
12/19/2020,193.47,60.28,88.1,50.03,23992.92,666.628
12/20/2020,193.47,60.28,88.1,50.03,23385.77,633.113
12/21/2020,192.91,58.95,88.11,49.06,23142.45,618.585
12/22/2020,192.95,58.78,88.25,48.7,23437.95,623.005
12/23/2020,193.28,59.33,87.86,49.2,23297.72,597.21
12/24/2020,192.82,59.36,88.01,48.92,23405.27,605.255
12/25/2020,192.82,59.36,88.01,48.92,24411.43,618.761
12/26/2020,192.82,59.36,88.01,48.92,26670.1,646.975
12/27/2020,192.82,59.36,88.01,48.92,26385.71,677.825
12/28/2020,194.04,59.72,87.98,49.02,26599.22,727.035
12/29/2020,193.23,60.22,88.01,49.55,26895.14,724.443
12/30/2020,193.75,60.55,88.07,50.24,28904.39,748.353
12/31/2020,194.64,60.16,88.19,50.11,28996.28,739.045
1/1/2021,194.64,60.16,88.19,50.11,29250.59,729.915
1/2/2021,194.64,60.16,88.19,50.11,31702.36,769.198
1/3/2021,194.64,60.16,88.19,50.11,33591.73,950.24
1/4/2021,191.87,60.52,88.07,50.34,31037.38,1007.235
1/5/2021,193.42,61.4,87.92,51.51,33792.24,1084.975
1/6/2021,195.16,61.73,87.53,51.02,35939.27,1182.898
1/7/2021,198.29,61.99,87.35,51.42,39733,1254.167
1/8/2021,199.25,62.78,87.27,52.46,40040.7,1191.835
1/9/2021,199.25,62.78,87.27,52.46,40858.59,1292.232
1/10/2021,199.25,62.78,87.27,52.46,38048.82,1270.435
1/11/2021,198.06,61.95,87.18,51.85,33964.38,1032.525
1/12/2021,198.76,62.27,87.16,52.42,34712.73,1077.93
1/13/2021,198.98,62.26,87.39,52.59,37283.48,1126.665
1/14/2021,198.79,62.81,87.28,53.11,38765.5,1187.525
1/15/2021,197.06,61.85,87.35,52.5,36261.52,1159.71
1/16/2021,197.06,61.85,87.35,52.5,35935.02,1234.805
1/17/2021,197.06,61.85,87.35,52.5,36533.95,1260.857
1/18/2021,197.06,61.85,87.35,52.5,36234.13,1234.19
1/19/2021,198.86,62.47,87.47,53.45,36489.64,1410.69
1/20/2021,201.37,63.15,87.46,54.38,34913.07,1323.71
1/21/2021,201.22,63.23,87.34,54.39,31217,1171.655
1/22/2021,200.89,62.8,87.38,54,33322.33,1244.934
1/23/2021,200.89,62.8,87.38,54,32366.47,1247.86
1/24/2021,200.89,62.8,87.38,54,31932.47,1353.32
1/25/2021,201.46,62.89,87.58,54.27,32701.29,1347.155
1/26/2021,200.73,62.77,87.57,53.93,32017.04,1335.133
1/27/2021,195.91,61.31,87.57,52.56,31005.85,1276.748
1/28/2021,197.45,61.74,87.5,52.81,33248.02,1350.2
1/29/2021,193.99,60.31,87.43,51.68,34641.09,1372.677
1/30/2021,193.99,60.31,87.43,51.68,34694.89,1385.365
1/31/2021,193.99,60.31,87.43,51.68,32601.26,1296.423
2/1/2021,197.3,61.4,87.32,52.99,33664.82,1350.233
2/2/2021,200.13,62.14,87.21,53.82,35687.9,1519.983
2/3/2021,200.43,62.37,87.06,54.02,37294.95,1632.953
2/4/2021,202.97,62.43,87.08,54.1,37681.13,1641.783
2/5/2021,204.11,62.86,86.96,54.5,37858.84,1720.615
2/6/2021,204.11,62.86,86.96,54.5,40093.11,1711.028
2/7/2021,204.11,62.86,86.96,54.5,38590.04,1599.512
2/8/2021,205.94,63.25,87.06,54.78,44691.74,1700.13
2/9/2021,206.02,63.68,87.02,55.39,47335.77,1769.29
2/10/2021,205.93,63.6,87.16,55.51,45039.51,1728.627
2/11/2021,206.42,64.08,87.07,56.09,46931.97,1769.105
2/12/2021,207.49,64.39,86.84,56.19,47947.17,1851.821
2/13/2021,207.49,64.39,86.84,56.19,47177.95,1813.71
2/14/2021,207.49,64.39,86.84,56.19,48865.24,1828.26
2/15/2021,207.49,64.39,86.84,56.19,48203.45,1788.765
2/16/2021,207.12,64.68,86.43,56.35,48585.51,1753.165
2/17/2021,206.69,64.4,86.61,56.49,52400.42,1854.845
2/18/2021,205.5,63.86,86.56,55.76,52037.53,1945.645
2/19/2021,205.97,64.22,86.26,56.06,55629.08,1958.468
2/20/2021,205.97,64.22,86.26,56.06,56537.03,1965.455
2/21/2021,205.97,64.22,86.26,56.06,57355.29,1920.966
2/22/2021,204.01,63.54,86.02,54.47,54938.64,1800.45
2/23/2021,203.98,63.7,86,54.78,47962.92,1535.812
2/24/2021,206.27,63.72,85.95,54.43,48758.53,1591.44
2/25/2021,200.88,62.57,85.2,53.25,48083.51,1525.663
2/26/2021,200.08,61.7,85.94,52.49,45672.06,1429.948
2/27/2021,200.08,61.7,85.94,52.49,46864.06,1507.387
2/28/2021,200.08,61.7,85.94,52.49,45248.24,1416.229
3/1/2021,205.22,63.05,85.7,53.93,48856.4,1546.478
3/2/2021,203.29,62.8,85.69,53.42,47451.1,1468.137
3/3/2021,200.36,62.5,85.42,53.38,50952.74,1595.573
3/4/2021,197.19,61.7,85.15,52.23,47918.88,1517.195
3/5/2021,200.75,62.16,85.1,52.6,49053.13,1532.672
3/6/2021,200.75,62.16,85.1,52.6,48602.01,1642.575
3/7/2021,200.75,62.16,85.1,52.6,50107.87,1664.548
3/8/2021,199.77,61.51,84.71,51.23,51878.94,1790.973
3/9/2021,202.87,62.46,84.99,52.34,54320.06,1825.466
3/10/2021,204.32,62.63,85.15,52.25,56931.78,1817.105
3/11/2021,206.99,63.51,85.16,53.82,57624.02,1840.288
3/12/2021,207.4,63.31,84.65,52.87,56965.96,1757.354
3/13/2021,207.4,63.31,84.65,52.87,61078.03,1912.208
3/14/2021,207.4,63.31,84.65,52.87,60273.94,1876.21
3/15/2021,208.85,63.44,84.75,52.84,56414.61,1792.47
3/16/2021,208.01,63.59,84.74,53.07,56388.15,1797.163
3/17/2021,208.8,63.85,84.71,53.11,57751.66,1815.289
3/18/2021,205,63.1,84.36,52.29,57501.51,1773.688
3/19/2021,205.26,63.42,84.43,52.81,58410.01,1817.797
3/20/2021,205.26,63.42,84.43,52.81,58541.76,1827.132
3/21/2021,205.26,63.42,84.43,52.81,57813.39,1799.527
3/22/2021,206.37,63.26,84.67,52.63,54554.83,1677.792
3/23/2021,204.02,62.3,84.86,51.77,54447.56,1672.08
3/24/2021,202.33,61.63,84.99,50.56,54050.57,1612.585
3/25/2021,203.15,62.03,84.93,50.64,52001.01,1603.625
3/26/2021,206.47,63.05,84.78,51.9,54002.49,1664.932
3/27/2021,206.47,63.05,84.78,51.9,55887.89,1718.66
3/28/2021,206.47,63.05,84.78,51.9,54845.71,1667.255
3/29/2021,205.5,62.7,84.67,51.61,57234.35,1807.083
3/30/2021,205.44,62.72,84.76,51.82,58673.67,1841.125
3/31/2021,206.69,62.7,84.72,52.05,58960.2,1939.743
4/1/2021,209.28,63.55,84.8,52.52,58859.78,1969.566
4/2/2021,209.28,63.55,84.8,52.52,58674.76,2091.177
4/3/2021,209.28,63.55,84.8,52.52,58064.8,2059.252
4/4/2021,209.28,63.55,84.8,52.52,58044.39,2061.85
4/5/2021,211.72,64.25,84.67,52.63,58799.14,2104.53
4/6/2021,211.8,63.88,84.97,52.88,58243.87,2121.67
4/7/2021,211.62,63.73,84.87,52.11,56227.64,1987.435
4/8/2021,212.85,64.13,85.06,52.65,57679.16,2055.075
4/9/2021,214.14,64.12,84.95,52.2,58333.6,2070.7
4/10/2021,214.14,64.12,84.95,52.2,58568.57,2094.137
4/11/2021,214.14,64.12,84.95,52.2,59674.92,2144.585
4/12/2021,214.2,63.74,84.93,51.86,59977.92,2145.171
4/13/2021,214.8,64.11,85.15,51.87,63193.56,2300.995
4/14/2021,214.32,64.28,85.09,52.15,62384.19,2369.712
4/15/2021,216.6,64.72,85.45,52.61,63410.29,2501.02
4/16/2021,217.15,65.15,85.22,52.78,62005.42,2458.489
4/17/2021,217.15,65.15,85.22,52.78,60870.13,2391.535
4/18/2021,217.15,65.15,85.22,52.78,56291.89,2228.92
4/19/2021,215.73,64.95,85.165,52.67,56210.89,2208.47
4/20/2021,213.75,64.05,85.31,52.27,56800.5,2307.6
4/21/2021,216.3,64.66,85.4,52.68,54996.31,2403.683
4/22/2021,214.61,64.39,85.44,52.59,51593.44,2399.735
4/23/2021,217.21,65.12,85.45,53.31,50567.72,2323.263
4/24/2021,217.21,65.12,85.45,53.31,50984.81,2296.272
4/25/2021,217.21,65.12,85.45,53.31,48122.24,2218.865
4/26/2021,218,65.2,85.39,53.38,53262.87,2459.85
4/27/2021,217.9,65.1,85.17,53.46,55192.62,2646.828
4/28/2021,217.87,65.37,85.21,53.89,54438.68,2707.505
4/29/2021,218.7,65.36,85.14,53.77,52990.9,2709.095
4/30/2021,217.1,64.44,85.26,52.98,56814.44,2763.262
5/1/2021,217.1,64.44,85.26,52.98,57725.77,2949.885
5/2/2021,217.1,64.44,85.26,52.98,57042.24,2969.795
5/3/2021,217.48,64.99,85.15,52.96,56811.66,3287.04
5/4/2021,215.85,64.15,85.26,52.31,54770.39,3405.33
5/5/2021,215.81,64.81,85.31,52.51,56895.44,3462.871
5/6/2021,216.91,65.31,85.35,53.03,55955.47,3466.917
5/7/2021,218.75,66.08,85.36,53.5,57684.39,3500.778
5/8/2021,218.75,66.08,85.36,53.5,59004.37,3849.446
5/9/2021,218.75,66.08,85.36,53.5,57931.38,3910.359
5/10/2021,216.18,65.54,85.16,52.5,55308.81,3905.466
5/11/2021,214.44,64.83,84.99,52.36,56911.32,4139.997
5/12/2021,209.61,63.56,84.69,51.02,54482.81,4102.706
5/13/2021,211.92,63.9,84.86,50.96,49312.81,3716.746
5/14/2021,215.54,64.97,85.06,51.8,49193.56,3989.747
5/15/2021,215.54,64.97,85.06,51.8,48242.61,3792.496
5/16/2021,215.54,64.97,85.06,51.8,44098.92,3360.361
5/17/2021,215.08,64.87,84.98,51.83,44816.08,3441.49
5/18/2021,213.4,65.26,84.89,52.58,43294.36,3432.905
5/19/2021,212.78,64.8,84.8,52.44,38336.11,2530.35
5/20/2021,215.09,65.5,85.08,52.63,40078.49,2764.99
5/21/2021,214.97,65.32,85.1,52.07,35251.36,2252.67
5/22/2021,214.97,65.32,85.1,52.07,38084.88,2357.924
5/23/2021,214.97,65.32,85.1,52.07,33700.55,2071.89
5/24/2021,217.14,65.79,85.2,52.56,39024.16,2624.545
5/25/2021,216.54,65.97,85.42,53.11,37646.5,2554.5
5/26/2021,217.32,66.12,85.39,53.5,38774.5,2798.403
5/27/2021,217.72,66.27,85.27,53.6,38495.29,2723.675
5/28/2021,218.09,66.42,85.26,53.88,35218.36,2428.04
5/29/2021,218.09,66.42,85.26,53.88,34269.86,2238.235
5/30/2021,218.09,66.42,85.26,53.88,36081.09,2438.525
5/31/2021,218.09,66.42,85.26,53.88,36690.89,2599.585
6/1/2021,218.18,67.05,85.12,55.01,36322.98,2577.745
6/2/2021,218.47,67.2,85.21,55.14,37745.13,2722.905
6/3/2021,217.5,66.69,85.05,54.52,38705.27,2822.35
6/4/2021,219.39,67.33,85.39,55.01,37056.79,2702.623
6/5/2021,219.39,67.33,85.39,55.01,35854.31,2633.992
6/6/2021,219.39,67.33,85.39,55.01,35978.7,2711.11
6/7/2021,219.57,67.38,85.33,54.79,34457.74,2658.087
6/8/2021,220.02,67.27,85.49,54.56,33629.96,2538.198
6/9/2021,219.4,67.04,85.66,54.52,36408.39,2561.613
6/10/2021,220.37,67.34,85.84,54.9,36494.56,2470.027
6/11/2021,221.02,67.42,85.82,54.66,37152.15,2382.328
6/12/2021,221.02,67.42,85.82,54.66,36020.18,2405.08
6/13/2021,221.02,67.42,85.82,54.66,39260.32,2525.95
6/14/2021,221.36,67.5,85.6,54.88,39831.58,2541.715
6/15/2021,220.78,67.44,85.6,54.51,39948.77,2522.145
6/16/2021,219.68,66.86,85.36,53.77,38532.5,2400.018
6/17/2021,219.47,66.55,85.65,54.08,37747.52,2343.802
6/18/2021,216.75,65.49,85.92,53.66,35517.31,2195.035
6/19/2021,216.75,65.49,85.92,53.66,36119.11,2226.765
6/20/2021,216.75,65.49,85.92,53.66,35823.29,2258.275
6/21/2021,219.74,65.73,85.62,53.64,32582.59,1941.443
6/22/2021,220.99,65.72,85.74,53.41,32903.52,1931.322
6/23/2021,220.9,65.52,85.68,53.72,33059.18,1931.03
6/24/2021,221.72,66.11,85.72,54.12,34859.9,2004.98
6/25/2021,222.55,66.41,85.56,54.56,32215.31,1866.986
6/26/2021,222.55,66.41,85.56,54.56,31305.79,1766.8
6/27/2021,222.55,66.41,85.56,54.56,32635.76,1816.803
6/28/2021,222.8,66.14,85.79,54.69,34677.77,2132.84
6/29/2021,222.81,66.12,85.83,54.65,36168.2,2192.125
6/30/2021,222.82,65.68,85.89,54.31,34585,2237.883
7/1/2021,224.03,65.74,85.75,54.02,33422,2121.23
7/2/2021,225.27,65.83,85.9,53.96,33142.64,2091.04
7/3/2021,225.27,65.83,85.9,53.96,34728.55,2220.49
7/4/2021,225.27,65.83,85.9,53.96,35547.25,2350.66
7/5/2021,225.27,65.83,85.9,53.96,33855.36,2217.025
7/6/2021,224.78,65.29,86.21,52.99,33957.11,2310.19
7/7/2021,225.08,65.5,86.39,53.04,34544.86,2362.81
7/8/2021,223.18,64.5,86.47,52.03,32815.73,2138.56
7/9/2021,225.88,65.61,86.2,52.98,33522.57,2135.415
7/10/2021,225.88,65.61,86.2,52.98,33332.25,2094.785
7/11/2021,225.88,65.61,86.2,52.98,33854.3,2130.16
7/12/2021,226.51,65.75,86.17,53.01,32849.59,2027.093
7/13/2021,225.25,65.56,85.9,53.04,32508.34,1947.868
7/14/2021,224.94,65.67,86.19,53.3,32813.83,1989.333
7/15/2021,224.15,65.33,86.4,53.35,31758.37,1926.03
7/16/2021,222.39,64.83,86.32,52.99,31842.51,1902.53
7/17/2021,222.39,64.83,86.32,52.99,31737.26,1899.423
7/18/2021,222.39,64.83,86.32,52.99,31652.45,1895.285
7/19/2021,219.23,63.73,86.81,52.21,30776.39,1820.09
7/20/2021,223.02,64.1,86.72,52.25,29865.53,1794.94
7/21/2021,225.02,64.92,86.44,52.7,31818.67,1947.347
7/22/2021,225.21,65,86.63,52.78,32247.75,2016.675
7/23/2021,227.46,65.07,86.53,51.96,32500.7,2041.188
7/24/2021,227.46,65.07,86.53,51.96,33939.65,2154.38
7/25/2021,227.46,65.07,86.53,51.96,34483.2,2158.333
7/26/2021,227.92,64.8,86.48,50.97,37751.68,2265.661
7/27/2021,226.69,64.23,86.7,49.87,38044.5,2244.223
7/28/2021,227.04,64.92,86.78,51.28,39985.95,2296.21
7/29/2021,228.04,65.32,86.63,51.46,39722.08,2313.663
7/30/2021,226.69,64.94,86.76,51.11,40689.27,2420.107
7/31/2021,226.69,64.94,86.76,51.11,41540.22,2491.87
8/1/2021,226.69,64.94,86.76,51.11,41268.06,2670.775
8/2/2021,226.37,65.21,86.83,51.52,38856.63,2597.93
8/3/2021,227.99,65.64,86.85,51.65,38072.95,2485.165
8/4/2021,226.97,65.58,86.85,51.78,39754.38,2711.204
8/5/2021,228.59,65.77,86.65,51.62,40899.36,2805.302
8/6/2021,228.87,65.46,86.24,51.27,42719.51,2914.17
8/7/2021,228.87,65.46,86.24,51.27,43975.95,3082.205
8/8/2021,228.87,65.46,86.24,51.27,43867.4,2991.315
8/9/2021,228.78,65.47,86.08,51.45,45464.51,3070.702
8/10/2021,228.93,65.59,85.95,51.64,45642.9,3157.545
8/11/2021,229.38,65.99,86.01,51.83,46345.49,3236.343
8/12/2021,230.02,65.77,86.02,51.49,44480.11,3067.65
8/13/2021,230.15,65.99,86.36,51.39,47609.88,3281.595
8/14/2021,230.15,65.99,86.36,51.39,46666.78,3231.86
8/15/2021,230.15,65.99,86.36,51.39,46718.33,3262.35
8/16/2021,230.24,65.55,86.44,50.98,46078.11,3165.48
8/17/2021,228.53,64.75,86.35,50.06,44992.1,3072.093
8/18/2021,226.25,64.62,86.33,50.12,44546.67,3008.575
8/19/2021,226.08,63.86,86.52,49.35,46587.99,3158.083
8/20/2021,228.11,64.03,86.5,49.35,48668.03,3259.96
8/21/2021,228.11,64.03,86.5,49.35,49011.76,3230.425
8/22/2021,228.11,64.03,86.5,49.35,48414.22,3154.107
8/23/2021,230.32,64.72,86.52,50.06,49515.08,3340.611
8/24/2021,231.14,65.31,86.35,51.18,48345.65,3217.923
8/25/2021,231.8,65.37,86.21,51.23,48712.63,3209.48
8/26/2021,230.25,64.93,86.22,50.81,47036.43,3119.26
8/27/2021,232.73,65.64,86.47,51.45,48921.81,3264.045
8/28/2021,232.73,65.64,86.47,51.45,48755.08,3239.302
8/29/2021,232.73,65.64,86.47,51.45,48925.24,3237.917
8/30/2021,233.61,65.66,86.57,51.6,48648.9,3339.962
8/31/2021,233.17,65.89,86.46,52.23,47008.53,3391.778
9/1/2021,233.58,66.47,86.34,52.86,48272.51,3730.04
9/2/2021,234.37,66.65,86.46,52.65,49562.1,3808.561
9/3/2021,234.29,67,86.28,52.89,50152.52,3916.416
9/4/2021,234.29,67,86.28,52.89,50182.7,3880.125
9/5/2021,234.29,67,86.28,52.89,51668.21,3970.236
9/6/2021,234.29,67,86.28,52.89,51934.74,3952.726
9/7/2021,233.28,66.98,86.03,53.33,46819.01,3415.875
9/8/2021,232.73,66.3,86.17,52.54,46060.72,3472.958
9/9/2021,231.92,66.24,86.48,52.61,46256.1,3431.59
9/10/2021,230.08,66.12,86.27,52.53,45077.81,3248.915
9/11/2021,230.08,66.12,86.27,52.53,45319.68,3295.292
9/12/2021,230.08,66.12,86.27,52.53,45089.47,3320.1
9/13/2021,230.6,66.55,86.4,52.7,45187.52,3289.953
9/14/2021,229.21,66.21,86.61,52.21,46828.18,3377.22
9/15/2021,231.1,66.37,86.53,52.19,47941.58,3555.375
9/16/2021,230.89,66.05,86.37,51.65,47149.38,3497.82
9/17/2021,229.04,65.34,86.26,51.45,46990.35,3377.155
9/18/2021,229.04,65.34,86.26,51.45,47994.88,3397.363
9/19/2021,229.04,65.34,86.26,51.45,47601.08,3359.268
9/20/2021,225.07,63.62,86.5,49.59,43537.86,3018.587
9/21/2021,225.05,64.19,86.48,49.99,40926.74,2765.44
9/22/2021,227.32,64.7,86.57,50.71,43451.15,3027.605
9/23/2021,230.09,65.35,86.11,50.95,44710.2,3142.03
9/24/2021,229.64,64.73,85.93,50.39,42981.54,2946.04
9/25/2021,229.64,64.73,85.93,50.39,42678.81,2922.68
9/26/2021,229.64,64.73,85.93,50.39,43651.76,3088.877
9/27/2021,229.14,64.83,85.83,50.66,42706.99,2955.55
9/28/2021,224.34,63.58,85.46,50.07,41785.9,2863.415
9/29/2021,224.49,63.31,85.47,49.67,41125.06,2821.323
9/30/2021,222.06,63.26,85.45,50.01,43436.35,2972.48
10/1/2021,225.12,63.44,85.61,50.04,48132.9,3292.395
10/2/2021,225.12,63.44,85.61,50.04,48019.13,3427.89
10/3/2021,225.12,63.44,85.61,50.04,48464.31,3425.103
10/4/2021,221.73,62.78,85.55,49.35,49006.15,3384.255
10/5/2021,223.8,63.16,85.34,49.82,51474.19,3526.015
10/6/2021,224.73,62.79,85.38,49.63,54936.9,3561.605
10/7/2021,226.89,63.51,85.14,50.6,54184.24,3624.535
10/8/2021,226.39,63.59,84.93,50.79,53993.31,3555.496
10/9/2021,226.39,63.59,84.93,50.79,54670.87,3580.135
10/10/2021,226.39,63.59,84.93,50.79,55435.21,3514.53
10/11/2021,224.76,63.4,84.8,50.65,57341.5,3491.851
10/12/2021,224.6,63.36,85.11,50.51,55362.51,3478.5
10/13/2021,225.62,64.08,85.34,51.17,56982.87,3574.035
10/14/2021,229.37,64.62,85.49,51.25,57443.04,3758.73
10/15/2021,230.73,65.18,85.28,51.8,62526.67,3880.897
10/16/2021,230.73,65.18,85.28,51.8,61014.11,3831.815
10/17/2021,230.73,65.18,85.28,51.8,59400.14,3698.165
10/18/2021,231.57,64.98,85.23,51.73,61367.44,3733.936
10/19/2021,233.26,65.5,84.99,52.32,64121.31,3806.478
10/20/2021,234.17,65.67,84.89,52.33,65996.35,4108.352
10/21/2021,234.81,65.28,84.77,51.91,62680.43,4090.43
10/22/2021,234.36,65.48,84.95,51.78,60726.01,3976.75
10/23/2021,234.36,65.48,84.95,51.78,61124.51,4088.635
10/24/2021,234.36,65.48,84.95,51.78,61159.77,4065.771
10/25/2021,235.8,65.55,84.99,51.97,62544.64,4180.603
10/26/2021,235.71,65.5,85.16,51.62,62096.9,4263.256
10/27/2021,234.1,65.15,85.47,51.35,58924.76,3982.575
10/28/2021,236.6,65.63,85.36,51.3,61395.58,4253.501
10/29/2021,236.91,65.08,85.38,50.66,62395.66,4402.918
10/30/2021,236.91,65.08,85.38,50.66,61682.78,4311.688
10/31/2021,236.91,65.08,85.38,50.66,60975.98,4267.98
11/1/2021,238.09,65.71,85.18,51.15,60727.52,4311.81
11/2/2021,238.83,65.38,85.34,50.61,63141.03,4504.788
11/3/2021,240.52,65.81,85.19,50.98,62776.06,4617.769
11/4/2021,241.43,65.74,85.58,50.87,61365.05,4514.983
11/5/2021,242.36,65.88,85.84,50.89,60976.2,4454.208
11/6/2021,242.36,65.88,85.84,50.89,61201.83,4486.681
11/7/2021,242.36,65.88,85.84,50.89,62884.45,4629.069
11/8/2021,242.76,66.09,85.65,51.42,66138.54,4772.779
11/9/2021,242.06,65.89,85.89,51.3,67734.04,4799.472
11/10/2021,239.68,65.23,85.31,51.16,64293.61,4553.713
11/11/2021,239.97,65.66,85.17,52.04,65069.89,4745.715
11/12/2021,241.75,66.04,85.18,52.08,64100.68,4656.154
11/13/2021,241.75,66.04,85.18,52.08,64367.64,4656.616
11/14/2021,241.75,66.04,85.18,52.08,64336.55,4576.565
11/15/2021,241.75,65.9,84.83,51.98,63899.88,4571.041
11/16/2021,242.79,65.76,84.77,51.96,60488.5,4255.73
11/17/2021,241.79,65.61,84.95,51.77,60117.19,4256.64
11/18/2021,242.17,65.43,85.05,51.15,57595.39,4023.68
11/19/2021,241.48,65.01,85.23,51.06,57869.63,4280.125
11/20/2021,241.48,65.01,85.23,51.06,59651.08,4432.112
11/21/2021,241.48,65.01,85.23,51.06,59541.76,4366.381
11/22/2021,240.32,64.6,84.81,50.53,56278.01,4080.565
11/23/2021,240.4,64.56,84.47,50.58,57709.14,4351.952
11/24/2021,241.21,64.3,84.67,50.52,57331.67,4259.306
11/25/2021,241.21,64.3,84.67,50.52,58855.15,4501.431
11/26/2021,235.99,62.46,85.27,49.04,54019.74,4070.482
11/27/2021,235.99,62.46,85.27,49.04,54625.03,4083.969
11/28/2021,235.99,62.46,85.27,49.04,56341.89,4256.71
11/29/2021,238.21,62.73,85.26,49.11,58316.89,4453.148
11/30/2021,233.45,62.31,85.42,49.19,57138.67,4630.625
12/1/2021,230.16,62.01,85.34,49.16,57029.49,4568.65
12/2/2021,233.9,62.83,85.35,49.74,56903.45,4547.836
12/3/2021,231.19,62.38,85.68,49.05,53655.27,4216.613
12/4/2021,231.19,62.38,85.68,49.05,48765.22,4067.426
12/5/2021,231.19,62.38,85.68,49.05,49229.81,4149.105
12/6/2021,234.16,62.99,85.45,49.37,50120.56,4325.118
12/7/2021,239.17,64.2,85.26,50.09,50527.72,4291.778
12/8/2021,240.2,64.35,85,50.39,50635.11,4418.848
12/9/2021,237.91,63.87,85.04,50.14,47997.76,4166.391
12/10/2021,239.53,63.97,85.07,50.23,47952.18,3996.52
12/11/2021,239.53,63.97,85.07,50.23,48813.56,4029.571
12/12/2021,239.53,63.97,85.07,50.23,49965.29,4124.693
12/13/2021,237.35,63.19,85.36,49.46,46828.95,3770.785
12/14/2021,235.57,62.94,85.22,49.35,48310.62,3853.341
12/15/2021,239.2,63.46,85.11,49.17,49192.58,4063.771
12/16/2021,236.52,63.54,85.22,49.3,48111.68,4031.71
12/17/2021,235.44,62.87,85.37,48.96,46873.03,3907.567
12/18/2021,235.44,62.87,85.37,48.96,46971.17,3978.563
12/19/2021,235.44,62.87,85.37,48.96,46741.79,3922.742
12/20/2021,232.13,61.51,85.23,47.81,46987.56,3913.9
12/21/2021,236.68,62.33,85.14,48.62,49106.42,4026.884
12/22/2021,239.02,62.89,85.23,48.89,49073.95,4015.817
12/23/2021,240.67,63.24,84.83,49.18,50849.2,4114.551
12/24/2021,240.67,63.24,84.83,49.18,50908.79,4067.111
12/25/2021,240.67,63.24,84.83,49.18,50986.51,4121.159
12/26/2021,240.67,63.24,84.83,49.18,50808.21,4085.146
12/27/2021,242.96,63.7,84.87,49.34,50989.1,4060.146
12/28/2021,242.46,63.63,84.86,49.17,47561.31,3807.877
12/29/2021,242.6,63.57,84.58,48.96,47232.15,3727.208
12/30/2021,242.21,63.66,84.77,49.59,47298.35,3736.625
12/31/2021,241.44,63.57,84.75,49.46,46333.65,3688.597
1/1/2022,241.44,63.57,84.75,49.46,47333.2,3749.561
1/2/2022,241.44,63.57,84.75,49.46,47028.52,3812.706
1/3/2022,242.97,63.98,84.18,49.81,45997.26,3724.375
1/4/2022,242.51,64.06,84.17,49.61,46220.42,3825.92
1/5/2022,237.25,63.42,83.88,48.87,43603.88,3554.365
1/6/2022,237.19,63.24,83.79,49.15,43120.88,3427.813
1/7/2022,236.11,63.52,83.56,49.4,41881.75,3215.177
1/8/2022,236.11,63.52,83.56,49.4,41788.38,3078.628
1/9/2022,236.11,63.52,83.56,49.4,42315.13,3189.84
1/10/2022,235.7,63.05,83.49,49.5,41729.31,3075.093
1/11/2022,238.05,63.95,83.66,50.46,42687.27,3232.265
1/12/2022,238.42,64.7,83.63,51.23,43793.81,3368.434
1/13/2022,234.93,64.14,83.77,50.59,42828.59,3271.4
1/14/2022,235.02,64.08,83.31,50.69,43321.7,3333.42
1/15/2022,235.02,64.08,83.31,50.69,43333.72,3335.915
1/16/2022,235.02,64.08,83.31,50.69,42982.4,3331.93
1/17/2022,235.02,64.08,83.31,50.69,41743.99,3166.583
1/18/2022,230.45,63.13,82.79,49.94,42395.22,3164.272
1/19/2022,228.03,63.18,82.99,50.14,41724.22,3114.905
1/20/2022,225.37,63,83.08,50.45,41326.77,3081.185
1/21/2022,220.91,62.09,83.39,49.66,36692.38,2610.453
1/22/2022,220.91,62.09,83.39,49.66,35402.77,2447.152
1/23/2022,220.91,62.09,83.39,49.66,35364.47,2422.92
1/24/2022,222.33,61.37,83.26,49,36828.36,2442.992
1/25/2022,219.22,61.14,83.15,48.99,36579.75,2414.185
1/26/2022,218.37,60.75,82.69,48.48,36356.7,2418.925
1/27/2022,216.75,60.32,82.96,48.05,36198.95,2360.895
1/28/2022,222.09,60.61,83.06,48.13,37807.95,2535.85
1/29/2022,222.09,60.61,83.06,48.13,38388.74,2617.172
1/30/2022,222.09,60.61,83.06,48.13,37754.4,2560.49
1/31/2022,226.81,61.77,83,49.67,38437.84,2680.98
2/1/2022,228.54,62.3,82.83,49.96,38813.82,2798.748
2/2/2022,230.05,62.62,82.95,49.87,36936.93,2655.9
2/3/2022,224.58,61.78,82.6,49.45,36964.58,2661
2/4/2022,226.07,61.88,82.09,49.48,40647.25,2956.506
2/5/2022,226.07,61.88,82.09,49.48,41673.4,3023.86
2/6/2022,226.07,61.88,82.09,49.48,41687.25,2996.564
2/7/2022,225.5,61.97,82.16,49.48,44102.99,3153.248
2/8/2022,227.57,62.33,81.89,49.93,44230.11,3117.185
2/9/2022,231.27,63.35,81.95,50.67,44497.51,3239.09
2/10/2022,227.35,62.63,81.2,50.39,43776.42,3116.235
2/11/2022,222.94,61.77,81.73,49.61,42563.24,2928.1
2/12/2022,222.94,61.77,81.73,49.61,41899.77,2878.305
2/13/2022,222.94,61.77,81.73,49.61,42228.76,2875.8
2/14/2022,222.12,61.4,81.27,49.24,42249.01,2915.25
2/15/2022,226.07,62.52,81.1,50.36,43999.15,3098.678
2/16/2022,226.28,62.8,81.21,50.74,44092.86,3142.393
2/17/2022,221.14,61.93,81.39,50.08,40699.63,2896.412
2/18/2022,219.37,61.54,81.53,49.69,39991.9,2782.84
2/19/2022,219.37,61.54,81.53,49.69,39942.63,2741.269
2/20/2022,219.37,61.54,81.53,49.69,38252.4,2599.185
2/21/2022,219.37,61.54,81.53,49.69,37076.09,2582.935
2/22/2022,216.85,60.81,81.48,48.92,37893.47,2607.63
2/23/2022,212.86,60.21,81.07,48.47,37543.5,2619.53
2/24/2022,216.59,59.44,81.25,47.49,38414.95,2636.972
2/25/2022,221.41,60.79,81.32,48.37,38994.5,2708.945
2/26/2022,221.41,60.79,81.32,48.37,39480.74,2826.647
2/27/2022,221.41,60.79,81.32,48.37,37435.48,2604.537
2/28/2022,221.17,60.01,81.92,47.82,41654.97,2821.208
3/1/2022,217.72,58.89,82.22,47.17,43900.24,2956.488
3/2/2022,221.85,59.51,81.21,47.32,44090.72,2976.788
3/3/2022,220.16,58.6,81.57,46.66,42096.97,2805.3
3/4/2022,217.96,57.24,81.86,45.78,39393.7,2608.343
3/5/2022,217.96,57.24,81.86,45.78,39380.38,2655.232
3/6/2022,217.96,57.24,81.86,45.78,39030.04,2630.114
3/7/2022,211.24,55.42,81.46,44.16,37839.36,2483.738
3/8/2022,210.05,55.74,81.08,44.35,38506.43,2559.198
3/9/2022,215.88,57.66,80.86,45.47,41893.74,2708.355
3/10/2022,214.91,56.94,80.43,44.77,39329.95,2604.248
3/11/2022,211.99,56.26,80.37,43.86,38860.7,2571.8
3/12/2022,211.99,56.26,80.37,43.86,39102.38,2587.268
3/13/2022,211.99,56.26,80.37,43.86,38687.43,2546.305
3/14/2022,209.9,56.18,79.63,42.81,38725.24,2526.319
3/15/2022,214.28,56.57,79.76,42.79,39441.9,2625.242
3/16/2022,219.64,59.02,79.88,46.12,41258.79,2774.075
3/17/2022,222.58,59.32,79.95,45.78,40724.56,2808.425
3/18/2022,225.18,60.01,80.18,46.5,41755.9,2949.225
3/19/2022,225.18,60.01,80.18,46.5,42219.42,2955.01
3/20/2022,225.18,60.01,80.18,46.5,41308.02,2874.522
3/21/2022,224.97,59.47,79.36,45.78,41136.88,2911.08
3/22/2022,227.73,60.11,79.16,46.49,42606.24,3002.67
3/23/2022,223.93,59.49,79.52,46.17,42368.58,2982.695
3/24/2022,227.12,59.9,79.42,46.45,43895.65,3105.68
3/25/2022,228.09,59.86,78.72,46.09,44577.76,3126.795
3/26/2022,228.09,59.86,78.72,46.09,44590.9,3144.83
3/27/2022,228.09,59.86,78.72,46.09,46111.06,3239.113
3/28/2022,229.57,59.75,78.95,46.24,47967.56,3418.08
3/29/2022,233.05,60.92,79.3,46.95,47486.26,3398.2
3/30/2022,231.16,60.71,79.48,46.89,47277.24,3414.05
3/31/2022,227.67,59.74,79.54,46.13,45767.58,3300.51
4/1/2022,228.58,60.39,79.17,47.01,46168.58,3442.522
4/2/2022,228.58,60.39,79.17,47.01,46196.63,3471.788
4/3/2022,228.58,60.39,79.17,47.01,46387.63,3493.695
4/4/2022,230.52,60.88,79.23,47.83,46311.76,3509.962
4/5/2022,227.15,60.05,78.43,46.99,45868.99,3442.393
4/6/2022,224.54,59.3,78.19,46.47,43885.38,3234.133
4/7/2022,225.39,59.26,78.03,46.13,43577.22,3239.138
4/8/2022,224.69,59.28,77.61,46.22,42815.77,3250.988
4/9/2022,224.69,59.28,77.61,46.22,42447.77,3225.633
4/10/2022,224.69,59.28,77.61,46.22,43125.15,3290.317
4/11/2022,221.18,58.58,77.25,45.64,39846.47,2992.98
4/12/2022,220.5,58.26,77.5,45.46,39534.08,2987.525
4/13/2022,223.39,58.95,77.59,45.95,41254.52,3106.31
4/14/2022,220.67,58.56,77.06,45.45,39915.93,3013.563
4/15/2022,220.67,58.56,77.06,45.45,40404.52,3030.943
4/16/2022,220.67,58.56,77.06,45.45,40294.88,3033.76
4/17/2022,220.67,58.56,77.06,45.45,40273.09,3046.16
4/18/2022,220.29,58.34,76.81,45.26,40673.67,3005.8
4/19/2022,224.17,58.46,76.33,45.03,41297.9,3095.28
4/20/2022,223.88,58.67,76.81,44.74,41430.79,3085.885
4/21/2022,220.22,57.91,76.4,43.93,40615.45,3001.035
4/22/2022,214.22,57.01,76.3,43.58,39621.31,2972.013
4/23/2022,214.22,57.01,76.3,43.58,39808.74,2964.24
4/24/2022,214.22,57.01,76.3,43.58,39515.9,2941.295
4/25/2022,215.39,56.62,76.78,43.13,40186.18,2999.7
4/26/2022,209.25,55.17,76.98,42.26,38123.52,2829.345
4/27/2022,209.66,55.54,76.74,42.85,39106.93,2865.702
4/28/2022,214.77,56.36,76.71,43.41,39889.27,2948.615
4/29/2022,206.88,55.86,76.19,43.44,38560.04,2806.758
4/30/2022,206.88,55.86,76.19,43.44,38334.7,2790.335
5/1/2022,206.88,55.86,76.19,43.44,38320.24,2813.683
5/2/2022,208.44,55.69,75.66,43.35,38312.41,2826.865
5/3/2022,209.43,56.17,75.84,43.68,37784.82,2784.735
5/4/2022,215.57,56.98,76.33,44.11,39800.33,2944.86
5/5/2022,207.62,55.16,75.57,42.51,36456.02,2755.543
5/6/2022,205.95,54.59,75.25,41.93,36077.29,2705.508
5/7/2022,205.95,54.59,75.25,41.93,35768.23,2673.52
5/8/2022,205.95,54.59,75.25,41.93,34225.04,2540.07
5/9/2022,198.65,52.92,75.59,40.8,30959.3,2291.545
5/10/2022,199.05,53.19,75.81,40.97,31000.83,2327.087
5/11/2022,195.45,52.9,76.07,40.68,28402.78,2035.837
5/12/2022,195.66,52.7,76.22,40.48,28546.25,1924.935
5/13/2022,200.9,54.12,75.94,41.48,29760.13,2042.14
5/14/2022,200.9,54.12,75.94,41.48,29341.75,1995.9
5/15/2022,200.9,54.12,75.94,41.48,31019.19,2129.51
5/16/2022,199.91,54.11,76.06,41.39,29908.75,2033.12
5/17/2022,204.18,55.22,75.61,42.34,30077.8,2051.51
5/18/2022,196.19,53.95,75.93,41.42,29205.89,1964.233
5/19/2022,195.32,54.54,76.09,42.02,30231.08,2013.495
5/20/2022,195.32,54.85,76.32,42.18,29117.13,1958.068
5/21/2022,195.32,54.85,76.32,42.18,29391.93,1974.025
5/22/2022,195.32,54.85,76.32,42.18,29907.98,2006.36
5/23/2022,198.66,55.64,76.05,42.48,29314.55,1997.635
5/24/2022,196.67,55.2,76.67,41.72,29438.3,1968.55
5/25/2022,198.86,55.29,76.98,41.95,29764.46,1958.667
5/26/2022,202.93,55.95,76.9,42.58,29437.55,1825.84
5/27/2022,208.07,56.66,77.12,43.04,28728.9,1743.47
5/28/2022,208.07,56.66,77.12,43.04,28999.04,1791.748
5/29/2022,208.07,56.66,77.12,43.04,29160.07,1795.238
5/30/2022,208.07,56.66,77.12,43.04,31257.74,1953.157
5/31/2022,206.36,56.71,76.68,43.64,31788.28,1951.664
6/1/2022,205,56.16,76.19,43.35,29621.61,1791.54
6/2/2022,209.18,57.28,76.26,44.13,30225.18,1822.847
6/3/2022,205.84,56.41,76.15,43.44,29640.5,1758.04
6/4/2022,205.84,56.41,76.15,43.44,29733.76,1776.095
6/5/2022,205.84,56.41,76.15,43.44,29925.66,1809.643
6/6/2022,206.45,56.66,75.7,43.68,31438.72,1860.138
6/7/2022,208.69,56.83,75.96,43.9,31330.81,1844.225
6/8/2022,206.35,56.37,75.65,44.06,30179.77,1795.32
6/9/2022,201.41,55.19,75.55,43.11,30161.34,1793.495
6/10/2022,195.43,54.09,74.91,42.77,29177.39,1676.995
6/11/2022,195.43,54.09,74.91,42.77,28380.38,1521.617
6/12/2022,195.43,54.09,74.91,42.77,27345.79,1475.757
6/13/2022,187.45,52.27,73.7,41.38,23209.61,1240.038
6/14/2022,186.92,52.15,73.3,41.98,21966.38,1187.74
6/15/2022,189.64,52.96,74.14,42.6,21640.29,1178.305
6/16/2022,183.02,51.59,74.3,41.27,20677.24,1098.232
6/17/2022,183.71,51.43,74.34,41.45,20630.54,1093.723
6/18/2022,183.71,51.43,74.34,41.45,17785.09,902.936
6/19/2022,183.71,51.43,74.34,41.45,20607.54,1140.147
6/20/2022,183.71,51.43,74.34,41.45,20427.23,1119.775
6/21/2022,188.16,51.71,74,41.8,20838.45,1121.52
6/22/2022,188.13,51.14,74.61,41.11,19857.05,1047.825
6/23/2022,189.08,51.07,74.97,41.31,20795.38,1134.55
6/24/2022,195.19,52.46,74.83,42.19,21183.82,1218.353
6/25/2022,195.19,52.46,74.83,42.19,21214.51,1208.455
6/26/2022,195.19,52.46,74.83,42.19,21392.35,1246.97
6/27/2022,194.59,52.4,74.47,42.22,20898.65,1201.77
6/28/2022,190.58,52.13,74.51,41.94,20247.7,1160.315
6/29/2022,190.26,51.8,74.94,41.83,20197.75,1108.245
6/30/2022,188.62,51.61,75.26,41.65,18731.3,1010.475
7/1/2022,190.61,51.59,75.71,41.4,19406.69,1067.762
7/2/2022,190.61,51.59,75.71,41.4,19238.99,1062.953
7/3/2022,190.61,51.59,75.71,41.4,19420.48,1083.47
7/4/2022,190.61,51.59,75.71,41.4,19755.85,1120.312
7/5/2022,191.29,50.64,75.84,41.07,20441.63,1153.578
7/6/2022,191.67,50.55,75.38,40.79,20380,1160.64
7/7/2022,194.83,51.43,75.17,41.64,21610.58,1237.725
7/8/2022,194.63,51.47,74.92,41.54,21846.53,1243.207
7/9/2022,194.63,51.47,74.92,41.54,21672.98,1219.02
7/10/2022,194.63,51.47,74.92,41.54,20972.87,1177.459
7/11/2022,192.17,50.47,75.2,40.51,20409.54,1137.398
7/12/2022,190.51,50.4,75.33,40.36,19443.28,1046.252
7/13/2022,189.68,50.34,75.57,40.24,19657.01,1075.677
7/14/2022,188.84,49.66,75.33,39.97,20667.93,1192.875
7/15/2022,192.51,50.28,75.6,40.11,20926.53,1256.219
7/16/2022,192.51,50.28,75.6,40.11,21204.61,1347.28
7/17/2022,192.51,50.28,75.6,40.11,20930.58,1344.055
7/18/2022,191.18,50.6,75.37,40.3,21487.97,1471.31
7/19/2022,196.52,51.8,75.31,40.87,23304.71,1559.328
7/20/2022,198.11,51.52,75.24,40.7,23258.12,1521.01
7/21/2022,200.07,52.1,75.86,41.2,23123.88,1585.297
7/22/2022,197.9,51.84,76.48,40.78,22605.38,1526.945
7/23/2022,197.9,51.84,76.48,40.78,22330.07,1525.29
7/24/2022,197.9,51.84,76.48,40.78,22723.53,1608.74
7/25/2022,198.17,52.19,76.2,40.97,22171.68,1522.835
7/26/2022,195.72,51.58,76.22,40.58,20985.62,1380.461
7/27/2022,200.86,52.68,76.43,41.38,22784.97,1601.432
7/28/2022,203.48,53,76.96,41.51,24033.74,1757.547
7/29/2022,206.25,53.49,76.9,41.32,23951.94,1733.136
7/30/2022,206.25,53.49,76.9,41.32,23972.77,1703.045
7/31/2022,206.25,53.49,76.9,41.32,23807.28,1720.934
8/1/2022,205.77,53.34,77.08,41.07,23129.11,1627.655
8/2/2022,204.66,52.68,76.3,40.83,23029.66,1652.01
8/3/2022,207.95,53.02,76.68,41.05,23327.08,1642.935
8/4/2022,207.75,53.3,76.87,41.39,22513.58,1591.305
8/5/2022,207.68,53.04,76,41.38,22985.34,1679.653
8/6/2022,207.68,53.04,76,41.38,23174.48,1715.51
8/7/2022,207.68,53.04,76,41.38,23266.22,1722.435
8/8/2022,207.87,53.2,76.34,41.47,24072.39,1797.565
8/9/2022,206.56,52.92,76.17,41.38,23144.84,1696.988
8/10/2022,211.27,54.02,76.38,41.9,23904.94,1843
8/11/2022,211.28,54.1,75.95,42.1,24216.28,1902.555
8/12/2022,214.94,54.525,76.3,42.54,24240.76,1933.1
8/13/2022,214.94,54.525,76.3,42.54,24494.84,1990.62
8/14/2022,214.94,54.525,76.3,42.54,24322.8,1941.298
8/15/2022,215.78,54.22,76.38,42.38,24074.01,1904.373
8/16/2022,216.24,54.25,76.28,42.4,23984.02,1884.703
8/17/2022,214.3,53.87,75.83,42.3,23407.4,1851.25
8/18/2022,214.86,53.66,75.97,42.03,23416.76,1877.377
8/19/2022,211.79,52.94,75.49,41.56,21274.36,1686.855
8/20/2022,211.79,52.94,75.49,41.56,20819.56,1533.065
8/21/2022,211.79,52.94,75.49,41.56,21474.5,1616.833
8/22/2022,207.26,52.18,75.15,41.27,21124.4,1579.2
8/23/2022,206.87,52.32,75.12,41.53,21477.74,1647.318
8/24/2022,207.74,52.42,74.93,41.56,21692.74,1683.483
8/25/2022,210.75,53.11,75.34,42.33,21647.93,1708.353
8/26/2022,203.77,51.9,75.19,41.77,20650.41,1556.605
8/27/2022,203.77,51.9,75.19,41.77,20009.56,1481.115
8/28/2022,203.77,51.9,75.19,41.77,19989.13,1483.109
8/29/2022,202.28,51.75,74.85,41.57,20177.32,1546.15
8/30/2022,200.03,51.29,74.91,41.07,19975.94,1558.1
8/31/2022,198.56,51.09,74.6,41.13,20196.67,1570.75
9/1/2022,198.68,50.53,74.04,40.94,20071.34,1580.387
9/2/2022,196.71,50.22,74.23,40.61,19969.21,1568.83
9/3/2022,196.71,50.22,74.23,40.61,19743.94,1552.825
9/4/2022,196.71,50.22,74.23,40.61,19901.9,1570.745
9/5/2022,196.71,50.22,74.23,40.61,19742.13,1597.802
9/6/2022,195.91,49.9,73.56,40.26,18978.5,1580.79
9/7/2022,199.53,50.33,74.09,40.6,19387.15,1639.65
9/8/2022,201.11,50.35,73.86,40.48,19379.74,1645.198
9/9/2022,204.45,51.44,73.83,41.02,21300.3,1721.5
9/10/2022,204.45,51.44,73.83,41.02,21431.35,1734.76
9/11/2022,204.45,51.44,73.83,41.02,21641.25,1759.51
9/12/2022,206.65,52.12,73.74,41.65,22409.58,1724.383
9/13/2022,197.77,50.37,73.37,40.33,20240.4,1608.113
9/14/2022,198.54,50.62,73.46,40.53,19946.38,1602.963
9/15/2022,196.42,50.12,73.24,40.18,19852.49,1504
9/16/2022,194.63,49.74,73.16,39.67,19751.07,1437.765
9/17/2022,194.63,49.74,73.16,39.67,20080.05,1462.337
9/18/2022,194.63,49.74,73.16,39.67,19721.88,1371.995
9/19/2022,196.01,49.7,73.11,39.3,19522.21,1357.455
9/20/2022,193.73,49,72.75,39.16,18974.31,1343.255
9/21/2022,190.42,48.3,72.95,38.51,18926.45,1314.568
9/22/2022,188.29,48.15,72.2,38.4,19247.72,1324.424
9/23/2022,184.26,46.69,72,37.52,18852.06,1300.95
9/24/2022,184.26,46.69,72,37.52,19144.41,1342.07
9/25/2022,184.26,46.69,72,37.52,18903.75,1292.527
9/26/2022,182.24,45.97,71.08,37,19113.38,1324.865
9/27/2022,181.97,45.75,70.77,36.98,19072.71,1324.75
9/28/2022,185.8,46.63,71.87,37.27,19567.79,1350.46
9/29/2022,181.94,45.91,71.5,36.54,19508.14,1338.012
9/30/2022,179.47,45.77,71.33,36.49,19425.13,1331.725
10/1/2022,179.47,45.77,71.33,36.49,19252.71,1309.565
10/2/2022,179.47,45.77,71.33,36.49,19234.63,1303.01
10/3/2022,184.03,46.74,71.77,37.05,19597.13,1323.77
10/4/2022,189.94,48.4,71.95,38.09,20340.91,1361.963
10/5/2022,189.58,47.97,71.57,38.16,19988.42,1345.43
10/6/2022,187.77,47.31,71.3,37.89,20051.13,1364
10/7/2022,182.4,46.49,70.93,37.14,19551.56,1331.51
10/8/2022,182.4,46.49,70.93,37.14,19456.38,1325.445
10/9/2022,182.4,46.49,70.93,37.14,19485.5,1321.045
10/10/2022,180.95,46.13,70.61,36.63,19241.2,1307.25
10/11/2022,179.79,45.52,70.63,36.06,19019.1,1281.81
10/12/2022,179.3,45.45,70.71,36.05,19169.43,1299.016
10/13/2022,183.75,46.18,70.46,36.19,19386.99,1293.82
10/14/2022,179.42,45.45,70.12,35.66,19177.31,1301.25
10/15/2022,179.42,45.45,70.12,35.66,19097.54,1281.085
10/16/2022,179.42,45.45,70.12,35.66,19332.84,1310.625
10/17/2022,184.21,46.62,70.27,36.57,19529.38,1330.04
10/18/2022,186.46,46.86,70.43,36.58,19367.71,1314.37
10/19/2022,184.87,46.19,69.85,35.94,19196.47,1294.55
10/20/2022,183.27,46.24,69.38,36.22,19030.39,1282.135
10/21/2022,187.49,47.04,69.5,36.75,19181.79,1302.738
10/22/2022,187.49,47.04,69.5,36.75,19219.63,1316.29
10/23/2022,187.49,47.04,69.5,36.75,19497.58,1330.215
10/24/2022,189.51,46.52,69.4,35.32,19382.19,1351.228
10/25/2022,192.94,47.32,70.06,35.61,20189.29,1473.98
10/26/2022,191.75,47.87,70.34,36.09,20752.38,1553.682
10/27/2022,190.85,47.5,70.71,35.83,20399.52,1527.79
10/28/2022,195.29,47.73,70.57,35.58,20635.82,1560.858
10/29/2022,195.29,47.73,70.57,35.58,20864.33,1626.978
10/30/2022,195.29,47.73,70.57,35.58,20689.77,1595.155
10/31/2022,194.03,47.33,70.35,35.45,20405.66,1564.958
11/1/2022,193.43,47.85,70.26,36.04,20479.4,1575.592
11/2/2022,188.34,47.25,70.15,35.77,20175.79,1511.405
11/3/2022,186.54,47.08,69.88,36.06,20238.8,1540.765
11/4/2022,188.94,48.88,69.9,37.53,21135.44,1646.05
11/5/2022,188.94,48.88,69.9,37.53,21355.89,1631.475
11/6/2022,188.94,48.88,69.9,37.53,21128.93,1604.118
11/7/2022,190.66,49.02,69.63,37.46,20683.87,1575.655
11/8/2022,191.66,49.55,69.94,37.62,18698.63,1336.59
11/9/2022,187.53,48.75,70.04,36.93,15731.3,1105.965
11/10/2022,198.14,51.15,71.49,38.17,17807.64,1321.465
11/11/2022,200.16,52.17,71.49,38.94,16757.37,1266.42
11/12/2022,200.16,52.17,71.49,38.94,16793.47,1256.06
11/13/2022,200.16,52.17,71.49,38.94,16365.81,1216.207
11/14/2022,198.35,51.67,71.26,38.81,16385.41,1226.022
11/15/2022,200.36,52.19,71.76,39.67,16890.18,1245.573
11/16/2022,198.32,51.81,72.17,39.04,16531.47,1205.705
11/17/2022,197.49,51.85,71.87,39.25,16680.76,1205.615
11/18/2022,198.42,51.79,71.75,38.97,16637.36,1208.04
11/19/2022,198.42,51.79,71.75,38.97,16660.59,1210.385
11/20/2022,198.42,51.79,71.75,38.97,16253.33,1141.395
11/21/2022,197.58,51.36,71.75,38.61,15631.95,1093.863
11/22/2022,200.17,51.97,72.12,38.71,16130.03,1129.64
11/23/2022,201.39,52.5,72.56,38.92,16471.9,1168.917
11/24/2022,201.39,52.5,72.56,38.92,16543.55,1195.681
11/25/2022,201.54,52.62,72.56,38.78,16497.05,1198.927
11/26/2022,201.54,52.62,72.56,38.78,16509.39,1209.705
11/27/2022,201.54,52.62,72.56,38.78,16571.89,1215.113
11/28/2022,198.27,52.03,72.47,38.69,16196.39,1172.27
11/29/2022,197.96,52.44,72.2,39.45,16460.7,1219.19
11/30/2022,204.06,53.5,72.76,40.52,17104.5,1296.775
12/1/2022,204.18,53.78,73.2,40.42,16929.96,1276.34
12/2/2022,203.99,53.83,73.5,40.67,17014.59,1291.018
12/3/2022,203.99,53.83,73.5,40.67,16950.39,1261.248
12/4/2022,203.99,53.83,73.5,40.67,17114.59,1276.778
12/5/2022,199.98,53.09,72.92,40.26,16972.24,1259.44
12/6/2022,196.98,52.85,73.16,40.29,16994.34,1255.785
12/7/2022,196.66,52.73,73.8,40.05,16830.68,1232.075
12/8/2022,198.36,53.11,73.59,40.51,17184.1,1278.282
12/9/2022,196.7,53.03,73.16,40.17,17113.29,1259.82
12/10/2022,196.7,53.03,73.16,40.17,17129.35,1268.5
12/11/2022,196.7,53.03,73.16,40.17,17115.37,1265.052
12/12/2022,199.53,53.07,73.16,40.06,17177.78,1274.949
12/13/2022,201.02,53.7,73.66,40.27,17762,1319.719
12/14/2022,199.9,53.63,73.84,40.34,17828.9,1310.665
12/15/2022,194.92,52.35,73.88,39.56,17399.63,1264.45
12/16/2022,192.69,52.06,73.69,39.51,16837.95,1195.061
12/17/2022,192.69,52.06,73.69,39.51,16718.5,1178.798
12/18/2022,192.69,52.06,73.69,39.51,16753.05,1182.575
12/19/2022,190.75,51.37,73.25,38.95,16586.82,1175.805
12/20/2022,191.15,51.53,72.77,38.82,16881.54,1216.011
12/21/2022,194.04,52.02,72.94,39.18,16793.1,1211.757
12/22/2022,190.37,51.62,72.93,38.83,16792.25,1214.759
12/23/2022,191.42,51.74,72.53,38.75,16811.33,1221.575
12/24/2022,191.42,51.74,72.53,38.75,16829.82,1219.077
12/25/2022,191.42,51.74,72.53,38.75,16830.25,1218.465
12/26/2022,191.42,51.74,72.53,38.75,16833.01,1216.795
12/27/2022,190.62,52.02,71.97,39.36,16692.55,1210.73
12/28/2022,188.22,51.4,71.87,38.79,16517.32,1186.71
12/29/2022,191.68,52.24,72.14,39.46,16593.4,1194.744
12/30/2022,191.19,51.72,71.84,38.98,16579.06,1197.707
12/31/2022,191.19,51.72,71.84,38.98,16539.5,1199.371
